X1,X2,Clase
1.6470389559762586,0.30883470141916936,1
0.3510386024778744,0.9650405000313985,0
0.4906158842241631,-0.2706172383398143,1
-0.9412615997103866,0.034720518437833525,0
0.5845836101353357,-0.38753588406489387,1
0.03512019487087048,-0.3424947841981742,1
-0.6815052153951959,0.3606989934557633,0
1.5956525326398072,-0.31635372919173804,1
0.9148543285899815,0.6183370487389295,0
0.5494045683169009,-0.26386779175247244,1
1.1905901875813103,0.2229542750571717,0
0.3409906216025277,-0.33381827372943934,1
0.05374313261401324,0.1299343389163648,1
-0.11708810577288584,0.975290145856199,0
0.5310265565484651,0.9069822831725958,0
0.6645172424246354,0.36132718875524594,0
-0.5165775297454687,0.7835943316066196,0
1.1196762565629217,-0.1875070229183406,0
1.862253783696398,-0.4236576493162903,1
2.1166761381779713,-0.15396791111018254,1
-0.3990720789063835,0.6424906205586617,0
1.3697895094930574,0.013653279171358279,1
1.9602618691097136,0.48691152545215194,1
0.20788453890000289,0.3410768081656707,1
2.0009097025310427,0.3332068169955088,1
1.4326104225767815,0.29480026020006633,0
0.19451296426143738,0.17648311879940015,1
-0.7728436848472555,0.34724977265457624,0
-0.6677560206797528,0.37734989371745165,0
1.3225307063675589,-0.1381980559170968,0
-0.33266317073767215,0.7686019613863339,0
-0.9979072437857099,0.23785196482486537,0
-0.16175192307039432,1.0585060312857932,0
-0.6356970345035791,0.376003426376846,0
-0.017351892384689573,0.4438838791907799,1
0.3929306974491261,0.7423871639127796,0
1.4570637387997638,-0.3010609570673236,1
0.3283011011548879,-0.015572276252769801,1
-7.817766440613994e-05,0.28227810531572134,1
0.662978967688949,0.7196097329990767,0
0.7056740252412846,0.09212962160473775,0
2.2933770808210774,0.10611632169876165,1
0.506043273884455,0.27920286957368556,0
-0.39343942064877657,0.699452388134651,0
1.5421554097256491,-0.27492445749296573,1
-0.9899825581526686,0.9734548792846646,0
0.17276975358746205,0.9347555975686642,0
-1.4406446790393255,0.797251885012824,0
0.6979542247164169,-0.11072168314673297,0
1.5391360196941295,0.045598019733535944,1
1.3788806906660875,-0.3819998954721134,1
0.8321462108937674,0.871648448523659,0
0.996749118293155,-0.4316704421463029,1
0.8067165608972301,0.6058650563363108,0
-1.1110076031510245,0.2231278679194756,0
1.3499342771003147,-0.24487992411934764,1
0.08250521690605292,-0.41492366958387666,1
1.6153369008810623,-0.036672684217342544,1
0.34302858315254436,-0.3557025922728254,1
0.22397997889645202,1.0947940003745324,0
0.7202634052251651,-0.5414562329497415,1
-0.42230691849628127,0.6528759993573336,0
1.3939315790095006,-0.6946941262801503,1
-0.08136167319464545,0.28771450244943303,1
1.6806893029140062,0.5503670549133622,1
1.8839891083623366,0.1504936534848184,1
-0.9545052228074077,0.3105559786734864,0
1.0643439951697125,-0.58510860042113,1
0.9641521213923652,0.4506797491329463,0
0.9704729194250094,-0.49110915395530297,1
0.7138919644724372,-0.6219075731636832,1
0.07770009749218881,1.283552112248234,0
0.42848538437309364,-0.5850680292940339,1
-0.12929736346154794,0.5099840550670393,1
-0.7787664973221688,0.9437542206754694,0
0.38960915870845814,0.9073279701780715,0
1.2116155886807984,0.003504206632999607,1
-1.023396023912757,0.6803478239616211,0
0.528602367264071,0.9984666479904688,0
1.8069669522544083,-0.06226878318406815,1
0.9853128647476712,0.1858877404193926,0
-0.7091653782024275,0.8739634533315679,0
0.8366367567063321,-0.772614706992272,1
1.1559917679966791,0.031134114518655553,1
1.4057361130913872,0.0037417049854489015,1
1.2554352770774808,-0.6075040884986331,1
1.9205897386873791,0.23484528961974932,1
-0.008265195570618805,0.9569991171757891,0
0.5179811322207989,0.5701214472501444,0
1.3175379969846253,-0.6391252664834787,1
1.1835609693429865,-0.6382514526450971,1
1.707431905748231,-0.56185143449345,1
0.8559261258832175,0.7801345265884467,0
0.19588604778999558,0.8788084443364549,0
2.1808499358162012,-0.09574132286457981,1
2.2013249946199336,0.08516613063221726,1
-0.5996100081081724,0.8774850511208148,0
0.3683101697728744,-0.15369579546185708,1
1.1156129609787417,-0.6841038144836201,1
2.011094929976641,0.005041014436495739,1
-0.9883742195074879,0.07727804113589248,0
-1.1469279850804264,0.26608593982655504,0
0.43815424522643154,1.097351796663274,0
0.3854576810263274,-0.4814977968192344,1
0.9732221517578254,0.71114629989117,0
-0.46577159308643823,0.44713896268912445,0
-0.3315268483160366,0.8672336801138626,0
0.7197813752728536,0.6903732516484763,0
-0.201875527843905,1.1304941409786846,0
-0.2966823994771352,0.723977662779643,0
-1.1210214894518287,0.7587246506516974,0
0.5288705612325266,-0.8987060714926154,1
0.08601623056751206,0.8700226082046895,1
1.7885358971323468,0.05426942062366627,1
-0.7120858951293477,0.6653191598455526,0
0.544970714760655,0.8744507286419771,0
0.10547960078518512,0.24606584634689424,1
-1.1302773443239627,0.2800805717705113,0
0.4124015546587452,0.7431881812324582,0
1.433018789526971,-0.625160968952071,1
1.8596290994055462,-0.022108511310419816,1
0.22358058554661273,0.4819707751469177,1
0.05107418957733825,0.33338020943922075,1
0.2953367031040402,1.111412488228673,0
0.33075897591324505,0.6820711589107971,0
0.9326869653511368,-0.550372330524427,1
-0.010496011228628144,0.956380667408335,0
-0.926192937041406,0.4538620635656302,0
0.16449985064355638,0.026948338187339077,1
0.42049320307102034,0.5180680139022089,0
1.7570869783487773,0.14397944799790482,1
1.680580936264247,0.2340361870039121,1
-0.3891865351815782,0.9624364952080018,0
-0.1353253182080687,1.2938451990768283,0
-0.7844276783573303,0.513221755204998,0
0.1133002069183427,-0.20568737323631905,1
1.920184821880785,0.4680917508484766,1
1.9887407741324103,0.2092902407551354,1
1.6744093809800886,-0.0714419083834758,1
1.32939533446381,-0.7872038471811793,1
-0.06422816150054955,-0.14602245139291867,1
0.29826708957539455,0.7755494947285507,0
1.2659773947881279,-0.7264214913004426,1
-0.8003272964156243,0.5694552442669965,0
1.092301998663511,-0.9964213935621905,1
-0.20501638538350025,1.073764531614522,0
-0.7627530250739738,0.9209447669646089,0
0.3106963922966672,-0.11151534165283095,1
0.7672712864143008,0.47428308556802823,0
1.1689518014156755,0.33676948020485586,0
1.5764574847663289,-0.4999007770383723,1
-1.0763201813584453,-0.020370778676822382,0
-0.39574463014778555,1.2748473335081763,0
-0.12176107121566754,-0.35369787970466854,1
0.8632938072904055,0.7804314461684361,0
0.7774139426561524,0.619882185723208,0
-0.2916734703198623,1.3505509031770038,0
1.6545264519899496,-0.4523921729360666,1
0.17188328184928525,0.844579063714687,0
1.5760185862055305,-0.3441097673807178,1
-0.2505055877416487,1.171969819526116,0
-0.8619734832811393,0.3452257446151528,0
1.0338195763770481,0.2005601705917948,0
0.5327479282397649,0.03413100431707311,1
1.9190346175987465,0.4114780309926854,1
0.6191683128908322,-0.6880977357075545,1
1.8983935747764036,-0.38412509429223424,1
0.06648931690573187,-0.0823345384728046,1
1.024957936211686,0.759699915700193,0
1.944664575779599,-0.31791493089626455,1
-0.21399963443114584,0.4317913355808474,1
-0.5995128309112786,0.7947001056648084,0
2.253790108680991,0.4577629499839153,1
1.9657210207972156,0.4480533322627289,1
0.1460267125315544,1.147089335863373,0
0.487095341422185,-0.2978106819606598,1
-0.47036263823707264,0.732230756300482,0
0.6406885044907784,-0.1697713155468172,1
-0.9967195771817996,0.21520463913536675,0
1.2524380617481101,-0.7804635922838046,1
0.7696591147025761,-0.4876958679999353,1
-0.8262222382951672,0.5679515079604328,0
1.9038151156738818,0.1241912201476427,1
0.3597635076480631,-0.19981188492006097,1
-0.8566142792122274,0.624282076192368,0
-0.669356829571238,1.1063721570904033,0
2.097794497445972,0.6186766991268452,1
1.613392696150447,-0.14212650373608868,1
0.209459729959595,-0.3219438478096064,1
0.31999134236183074,-0.28025730181201236,1
-0.42250605468159397,1.065770937310814,0
0.9083313376768086,0.7549266205999366,0
0.706483259558399,-0.09431566774010336,1
0.7956981283260672,1.1845449836416928,0
1.1012532094374885,-0.1986694999349473,0
0.26832283109274524,1.0692862661169233,0
0.3119722002608067,0.3104064747696208,1
-0.9268984116925915,0.19266336319903135,0
-0.6134474807156837,0.6503984842652275,0
1.0451422293442074,-0.36919841416903804,1
2.2552825161260355,0.19008557737320847,1
-0.32241572847420946,1.085450136594365,0
1.094951098628177,0.39563997959800196,0
-0.6659703921675683,0.7720056455201564,0
0.10866740849442846,1.0937264335849224,0
0.7106929750997196,0.7621008245960719,0
0.7361290412250515,-0.5837545707632364,1
0.6499329699333354,-0.4437196220203522,1
0.3649541222853543,0.22324782140937416,1
1.0423223460733535,0.258784078295205,0
1.4596820661448637,-0.521058636140495,1
0.6753073850473077,0.4493417621531418,0
0.5042981245756031,1.3004244245662817,0
0.7174170035406431,0.5942768369010495,0
-0.28367988984762577,1.2070816945894938,0
2.247788526740216,0.19216426804782227,1
0.2961926631057105,0.20088117763376978,1
0.5974319981135108,0.7868962326766074,0
0.09593858411935435,0.9650471568331641,0
0.24837316425522643,-0.2871114879146767,1
-0.8372730808605061,0.40634918245919294,0
0.8336644752929241,0.873581775711423,0
-0.4757481987787032,0.930178891380206,0
-0.05588376789483715,-0.2823409653553579,1
1.8172194844406115,-0.07648314802972732,1
2.2818712874818843,0.4231748848841937,1
0.002766713943014365,1.349031448400046,0
1.195166030645396,0.42573560208259204,0
1.4216738915491816,-0.5761606303534738,1
0.25127546559867997,1.1632170965347006,0
2.35857443470898,0.6179940606213731,1
0.6723021772203264,0.4140334240953095,0
1.5524845329394723,-0.7052170108458817,1
1.0567717803474879,-0.5294896131274806,1
1.6868001904640098,-0.444710790305165,1
0.5724692247123142,0.7762597447922372,0
-0.23038085568458413,-0.15925836713183905,1
-0.9451956017960356,0.6964704626596177,0
0.8792423115012598,-0.4829249240155382,1
-0.28479211460366205,1.0801569879107193,0
-0.8927502821540554,0.7812255988884782,0
1.2833525086066455,-0.24610944882052324,1
-0.1408076311541515,0.9519449368481271,0
-1.1331338851885029,0.12293311946425028,0
0.6289874008068039,-0.3719942712306278,1
1.1180330625681927,0.19317732899026968,0
-0.5619320539562032,0.45527678007535965,0
1.9767793028664806,0.15681691293353728,1
-1.3098193903940185,0.7419836460376028,0
0.5860919634061215,-0.38389365002637377,1
0.013477257387848905,0.5906092257020789,1
0.26171109216331506,0.7128903188965691,0
0.20789364438404012,-0.060173946022718694,1
0.12313405790609426,0.7266063541035622,0
0.85502740506354,-0.4783300487298729,1
-0.2953411972065909,0.49927317492718193,1
-0.3668105364671874,0.8134736850789626,0
-0.32397227343009494,1.1610927593455973,0
1.7458306962821792,0.19704503139409182,1
0.413367395755642,-0.1015705752493147,1
1.0053553713133458,0.16943161756192268,0
1.7964340547498108,0.24401062300080884,1
0.7805131099868075,-0.48380825884675355,0
1.204966467703372,-0.31226762092312865,1
-0.4672065542481826,0.1944636952257732,1
1.3191139399567096,-0.06924782327769996,1
0.45436248635275506,0.7473252699037415,0
0.8348968381652044,0.7654132117460575,0
0.6738683184573186,0.436058219303847,0
-0.08269120354911795,0.14343379177954416,1
0.6112005375731749,-0.08564401189812343,1
2.0592359217630207,0.34593913574250296,1
-0.04421140784234663,0.6872617100274174,0
1.55821561250798,-0.43989761897986884,1
1.9581934030165877,1.031904048197613,1
2.0529889394150804,0.23354887585573275,1
-0.4258136971197822,1.16991838254911,0
0.23333335210327932,0.6898996432842128,0
1.1571187021395355,-0.6332715847700288,1
1.1487287732598999,0.849110589069751,0
1.8870861912200991,0.5409151316019318,1
0.9052903797950186,-0.3235656224654953,1
-0.30201878785652114,0.7476946707978388,0
0.5072039206602238,-0.22537312594362194,1
0.34857197369587684,-0.3921428791112651,1
0.7918123514441242,0.2691966199221845,0
1.0046068642098303,0.5923565341068145,0
1.6195136450886438,-0.006340456349545609,1
0.9578370060890238,0.31802912412602913,0
0.6605354075318123,0.5733563632551641,0
0.31139111224123445,-0.06177729233211618,1
1.5272916453471512,0.0608298724054519,1
0.9083225558338598,-0.4130536718167751,1
1.3853258118301905,-0.5087020854583035,1
-0.21609242539375836,0.8998064126968439,0
0.5792539897244149,1.1015901058268183,0
0.7886951953658355,0.3690170441507284,0
1.9001682988930337,-0.2946879180969405,1
1.4392862446995416,-0.1256439532102113,1
0.48542227547267114,0.9695482679789598,0
-0.4533598287203866,0.8663805641516468,0
1.1396991871956708,0.3460779239319556,0
1.918342587403809,0.16857554820821202,1
0.6560012990803591,-0.6485523837158511,1
-0.4489993195661975,0.5710679920021164,0
2.211952269491659,0.5553296559175982,1
0.3440373783305454,-0.1039206230054881,1
0.5431149206643346,-0.3480192936644056,1
-1.1617931338821936,0.2586126075812186,0
0.7597451235627141,0.331738114019939,0
-0.052255189897048804,0.25795081070059617,1
1.4119409172706219,-0.48653965140796657,1
0.3656285591770617,-0.2544743048604008,1
-0.8226517028294832,-0.19065846448367973,0
0.05996321411227902,0.6266892893995688,1
-0.245649156956726,0.8634115656538571,0
1.2609241113811236,-0.4514999370688694,1
1.2808052898504378,-0.37971781291815354,1
1.9554539429561961,0.1619651822536492,1
1.3110493323840322,-0.5216578116797113,1
1.124957090627371,0.5179037249516967,0
1.5269171852436436,-0.5277922945749018,1
1.0850733583586551,0.48000332300060494,0
0.14482416144755977,0.9845574769163465,0
-1.106665144309106,0.01019220162228612,0
-0.10725211155312717,1.0229076889680213,0
2.114205197453297,0.1792280299217785,1
-0.2290356729209222,0.8914907627547979,0
1.5118482090537841,-0.3082917926572436,1
-0.911216226966799,0.9068615122132685,0
0.08500524670176347,1.1429677404097884,0
-0.18308267736189665,1.334170312917066,0
1.0134516324361051,-0.5681715174949077,1
-0.0902564443920747,0.9356269541316994,0
0.6352806039495,0.5565658741291117,0
1.4663015076944053,-0.4495086517999421,1
0.5947861752229887,1.2565612739615508,0
0.8145979677054422,0.5157446334328039,0
0.07981156765371648,0.3756229721074064,1
1.5321192844016727,-0.14879208150226508,1
0.9628939556314242,-0.372462220715191,1
0.6249380703505674,1.0097803818541722,0
1.4141283673290062,0.33824522723900907,1
-0.9960532858302928,0.1352345132163149,0
-0.03412930766110349,1.2653897076020233,0
1.2833212341002327,-0.2598968478595238,1
0.7754651830060433,1.1544885634150934,0
2.3058782017485635,0.43928356527681056,1
1.048100470456432,-0.819848060208503,1
-1.0470326832150205,-0.10265782543661743,0
1.2865410326166868,0.48779055572933505,0
0.07964609094109029,1.1087831470786158,0
0.737015216154078,-0.12337030115048281,1
1.216012305531783,-0.4013077496623104,1
0.7776257898668162,0.11322476205862869,0
-0.4301742391976847,0.9440371152734943,0
1.713436973829378,-0.23941983013789433,1
1.4163298398113562,-0.23311503800852224,1
0.32619944741349094,-0.27587783455858883,1
0.18100013917396418,-0.3410192779637921,1
-0.0162589233743613,0.8485292786407107,0
0.5692718217703007,1.13095364749056,0
-1.1628515992082356,0.6389144693966632,0
0.7875761687925835,0.707200269932113,0
-0.37641305511087175,0.7575681935317825,0
0.02569428905914309,0.8367811946784065,0
1.8372852781127154,-0.2786882964740749,1
0.9098906863296221,0.836082537149878,0
0.04233554858335284,-0.38081863802293614,1
0.3094369396064683,0.4254753531445113,0
1.1897951577683963,-0.3889129939234449,1
1.4997449576281277,0.10093190331485216,1
0.8812730855375972,0.23850053533467724,0
2.0017931290278543,-0.05444746210362161,1
1.2330971031299234,-0.6362279573985464,1
0.7680032282951518,-0.6239586185706607,1
0.019057905455777485,0.8006844666079095,0
1.6957047005360635,-0.17656849238579256,1
1.9178353438975686,0.09980776295152574,1
0.8477089743486533,-0.39415745700874594,1
0.6580222540729755,-0.21010849170555962,1
-0.9583300390006415,0.34874345838356036,0
0.3829544673919508,1.0170909167724973,0
1.7122541867015464,-0.2957489001530281,1
0.7193699836225713,-0.4151155884155686,1
-0.9678787693270033,0.6952708680421706,0
-0.0679299513502084,0.9564970005836384,0
0.7605401200138381,-0.8532576844610202,1
-0.45914219523584304,0.9555436794956611,0
1.1277387741324838,-0.7009387587192042,1
2.0291978916925193,-0.30389857468545745,1
1.6719481369329834,-0.2928901062084317,1
0.01646423599745106,1.344389568175396,0
-0.9017594862903826,0.932421783056991,0
0.09183574129813395,0.8599963156746103,0
-0.7157963257218471,0.05670816245156876,0
0.43074286370789283,-0.226958217829247,1
1.6570891010098556,-0.06736643649023233,1
0.8403510410099755,0.3819689314540421,0
0.14946161937240238,0.6612765303982893,0
-0.7887426774257676,0.32267354573381957,0
0.5102584807958213,0.602934232892864,0
-1.0651654177271372,0.49332043717963586,0
-0.6306665986288319,0.9782282880526776,0
0.5094721251759242,1.2480475453941406,0
-0.07692045534216746,0.1940247559344882,1
1.6633074168732558,0.33568125449302555,1
0.6034382791206054,1.23499158902468,0
-0.24447750048550707,0.31237810357463663,1
0.26626708176935365,-0.1290648587198595,1
-0.4366510625919119,1.0463335191399434,0
-0.7718058609378594,0.7330576133084477,0
1.8420030810898795,-0.17921753739306512,1
-1.0706893157589323,0.15946317508748534,0
0.9575046232233051,0.14742362634513356,0
0.6614375547554892,-0.1382600782145455,1
0.7984255274569815,0.6682775779672165,0
1.1265572954640128,0.0929310298363474,0
1.0469561175412143,0.6571248356458921,0
1.766356676478241,-0.026365868405124213,1
-0.7699860684360007,0.6647231770399451,0
0.26393594435891077,0.8930373744126062,0
0.9189034880933491,0.042291745776510514,1
-0.16220421474604946,1.0572517509871624,0
0.30516651987725074,-0.550887221481123,1
1.6529364264286441,-0.20991759719206288,1
0.415549243160708,-0.4290408637872427,1
-0.335552582861066,0.3075619078978381,1
-0.21437060171043448,0.5289820680377628,1
0.8958752562278988,-0.5386868096242106,1
-0.2769719035509358,0.9162054363799805,0
1.403123124472101,-0.09145622695158545,1
0.14939077593404118,-0.19711401485762464,1
-0.3738344403221598,0.938584723492362,0
2.520158914941262,0.06771064548534544,1
2.048133333221891,0.5212727224324992,1
0.3020834198270834,0.11631030821019787,1
-0.9374208900544839,-0.03431761146197625,0
0.36762376756110027,0.8808511852553312,0
1.160470975412229,-0.5732682036707077,1
0.27378638734145033,0.9742753919851809,0
1.048399986609379,0.5574873413770105,0
0.44394593870911836,-0.22711499923831813,1
-0.5334884807164879,0.8051180378240481,0
0.8604283715693899,-0.2249034756297627,1
-0.665393434218904,1.5987514590023753,0
-0.7879531025257074,0.08551798226654363,0
0.7783419298810164,-0.4204444239761548,1
-0.5004748194996076,0.9254969766949405,0
0.4225952532612975,-0.20729586250934745,1
0.8638271381312872,0.3987656973316241,0
0.5277418412415952,-0.17450702617253175,1
1.1186915657748555,-0.5817882936167883,0
0.3631181051346526,-0.10142818772927097,1
1.9138504373501868,0.02477325929830941,1
1.6005951406299348,-0.23720661298071344,1
0.32899589947222274,0.9567153581027199,0
1.5553012065599252,-0.4377778727876541,1
0.9891875894391478,-0.32094097624125895,1
0.2424898953673185,1.101271195095915,0
0.817415061680072,0.8434273541249352,0
0.25038868028815975,1.011910127856466,0
-0.5284437348938553,0.8760702647231126,0
0.2386182099560108,0.6007905699995012,1
0.2594005244862331,1.195985786960792,0
0.653006541337707,0.5763713082524111,0
0.804598345983958,0.3978983465323375,0
-1.1172875323366243,0.15866291923273396,0
0.5612925774637714,0.6326135002129144,0
-1.3559456985601828,0.25487482765709585,0
0.17079145744493465,0.8219312342539783,0
-0.16698159285897865,1.1418201612540606,0
-1.1621467109217127,0.3890575158349475,0
0.1902311773333726,-0.44279334778257173,1
1.692877490515759,-0.3886413489452474,1
-0.01046176506597369,0.5983264933233308,0
-0.4105474913611419,0.595328493415528,0
0.2746005405535478,1.0203763562863772,0
0.9256951445649095,0.49510767218116924,0
0.3065924926433682,-0.45921645708836534,1
2.220572004050278,0.23828777030401405,1
0.899334075283154,-0.5881079528501929,1
0.8679751657613944,0.5129532389456106,0
0.36394905451183857,1.064324222727238,0
0.8596999609558115,0.11606070222840348,1
0.5094234516440695,-0.4240889067403091,1
-0.632110724586477,0.4252074046056678,0
0.4223341897945536,0.7457716509801103,0
-1.0785829639250852,0.2580257392828271,0
0.1996021263998437,1.1555714229247485,0
1.20456824753309,-0.48072102164158437,1
0.1665666270224782,1.003719191474956,0
2.0887486842067493,-0.056472615745348065,1
-0.23364942477903536,0.9340365137272524,0
-0.9823695272553528,0.5371137648232982,0
-0.8364922102423318,0.8461090554834485,0
0.6164036808897739,-0.3611760682498093,1
0.4539687865196914,0.9314123370447703,0
1.430434990529742,-0.4565156561403114,1
-0.5211477936606976,0.7021491228435118,0
1.193889865244247,-0.2585311585389393,1
0.13262050255447258,1.1736344710817912,0
-0.7873591510430926,0.44405108582894914,0
0.6771893403136136,-0.40076609922863976,1
1.2081264534692688,-0.5066146694769913,1
2.105406107295976,0.5532102340579257,1
0.9139659159533242,-0.5883460112415505,1
0.8407403298192376,0.661843821334013,0
1.6940659040872863,-0.14371299743094018,1
0.013828459180725061,-0.22633701898487943,1
0.7588417282186455,0.4799454365203789,0
0.516551267428729,1.085041810806593,0
-0.12684898280410872,1.0414510526757252,0
0.9880716012425803,-0.7184246221255856,1
2.1339422644904795,0.10761787839013776,1
1.5927037604047332,-0.603010313260387,1
-1.2015440261352412,0.6179886780498833,0
0.731222257928671,0.5744024166892967,0
0.981103983409259,-0.2628217700572242,1
-0.2321717643081785,0.7218171252798339,1
1.5129490473868232,-0.09318883380290846,1
0.32746656863568213,1.0400946176066739,0
1.3993250948611309,-0.39382840915368966,1
-0.6333984762063439,0.5666167036993042,0
-0.5219000057736319,0.6396598284512924,0
-0.8117644261869816,0.443917734764837,0
-0.5706115606695377,0.9601026057512344,0
0.9797971940013074,1.024514345247206,0
-0.8888580156685664,0.41300156595230364,0
0.30017143478669284,-0.10045706925938652,1
-0.222821898616261,0.5600658267686801,1
2.114651444983009,0.406905934849907,1
1.0865827995513433,0.05107690089110365,0
-0.47262870203996743,0.9129111306607195,0
-1.0227354477173312,0.1916036650274036,0
2.0183940363128086,0.7469507402545553,1
0.9782019510296688,-0.7676269335892243,1
-0.9218226576815503,0.3075073770383761,0
0.1429490551845437,1.0429109970716393,0
1.9529672751825615,0.7288436431256318,1
0.490312381114989,0.42004867258579015,0
0.18194536315289145,-0.43208400129425956,1
-0.02025045535352571,0.6601945503814347,1
0.08783974976082928,0.14573351497593284,1
0.37803037535144063,-0.5523292545622582,1
-1.0750343313822333,-0.06039828714351013,0
-0.39961159370841376,0.8663509397058239,0
1.531488823443763,-0.10782542958278768,1
2.0598590350770465,0.44876692441142296,1
2.1634889799430708,-0.23400443849489413,1
-0.3728507722377937,0.726039667164763,0
0.9440672256844674,0.2280836548958511,0
0.8486469380756761,0.7437330867395843,0
-0.018744330579822333,0.2330217617825758,1
0.7829532928418824,0.7302127885704441,0
-0.06907969785196538,-0.12726024502646907,1
2.046303555131416,-0.2656942259435992,1
1.827230342204509,-0.07285017714969175,1
0.9078420823211514,0.6047427453361427,0
0.9187830358971996,-0.12581889722044237,1
-0.2769296680005607,0.9466386300208639,0
1.9123666150604284,0.5579961890709336,1
-1.2515614858799233,0.45505574699805573,0
-0.3170941692971539,0.41930406805898407,0
-0.32907197348688594,0.7978192952692826,0
0.14022338412607882,0.1766265146253789,1
1.8515174564618675,0.3976672717494099,1
-0.46587495982379756,0.5243966998729775,0
0.15071323068769335,0.12525249430053698,1
0.7831887928124814,0.31897266421364806,0
0.6673806264391771,-0.2059243297251564,1
0.27907760070785015,-0.2528879574132839,1
0.2526443435273323,-0.2466904223965279,1
1.046330159534974,-0.5819141601640009,1
-0.03586360064142441,1.0514838042016779,0
-0.06456671237754474,0.27455739089232767,1
0.39950498821139163,0.9503859541147268,0
0.19344936477447955,-0.3077026969416981,1
2.056140427209032,0.04327565208716478,1
1.8696309644213365,0.7328186155354814,1
1.2100865213796554,-0.6173552525205738,1
1.54049310265173,0.2953407474129118,1
0.7235895274724535,-0.33209913365864474,1
0.164650608270825,1.0079085791849445,0
-1.2354727435980992,0.2622457379385353,0
0.29567738484383727,0.765378850859922,0
0.41044484213067456,-0.22400613654789062,1
1.4741884220313608,-0.2746230766037871,1
0.959164826443275,0.5130106586213328,0
1.0813409736226658,0.6732437240264335,0
1.7221843918967839,-0.19792157816109562,1
-0.652493831909499,0.9731145898175233,0
1.959023672699435,0.6270345427976001,1
0.35154371013756064,-0.43605455318005704,1
1.531492824695389,-0.05058779141322335,1
1.0710101183428724,0.3646468214642514,0
0.6497075910470627,-0.44555933110831764,1
2.0782189078525652,0.44604697098575485,1
-0.725888432215393,0.016405134812630562,0
-0.8479344615814716,0.41679317365357116,0
-1.2271936431874757,0.5543682931002161,0
-0.3360392100810241,0.9556416748319044,0
-0.11030332911901249,0.8862504133568996,0
0.1257248563048065,-0.16672844338926088,1
0.3577961529433916,-0.6224735253596337,1
0.6744747560389834,-0.6169510814403352,1
0.2587190338009482,0.10757112185330256,1
0.4750000284152008,-0.6192090566467412,1
0.8609057310024706,0.5867175199805268,0
1.2298611160867714,-0.35407481108447325,1
0.1727004191849576,0.27140055163312493,1
-0.4243288997972814,1.2368817552241531,0
-0.6301053631147692,0.40491354309392696,0
0.8962868126548436,-0.6543328312117056,1
1.2529634994470964,-0.30345923882639486,1
1.3553849172981491,-0.18206079064734765,1
0.13799109064605936,0.07392590946774036,1
0.46075697007640115,-0.3614663652927506,1
-0.8981946481350953,0.6203920318282407,0
-0.5565716296273239,0.9163095665203544,0
1.6563214749700879,-0.3815060326998955,1
0.30571788159175256,0.07911199878384045,1
-0.8095885637298742,1.0255981843648367,0
-0.29156957299151176,1.040844123347782,0
2.132942570549953,0.5623059381966633,1
1.3692356677434276,-0.6029499366905011,1
0.6470280664701545,-0.690478537114136,1
0.08839467403842377,0.6243451097833023,1
0.11199394285228875,1.3346895809334338,0
0.4639039330913389,-0.21111837783731519,1
0.4256511436684055,0.6876128569630097,0
2.025573238739254,0.20702609918132953,1
0.3716467461027617,0.8882992772974206,0
-0.24433828540077285,0.08953078934400295,1
0.9150883433349786,0.7909209765839923,0
-0.06111377502891015,0.996868832489352,0
1.9164864768864212,-0.035350550378671075,1
1.9717808705321205,0.02944173449376071,1
0.8919963479420748,0.5032425524607009,0
0.21993420233810002,-0.2175441569166989,1
1.0933433917762354,-0.6545108921061308,1
1.1221079200364175,0.10298260788882514,0
-0.18985971426832648,1.0391080184155088,0
2.1295822300075193,0.10759304902371947,1
2.1470283068890783,0.12607249387433564,1
1.7650719587906865,-0.015565671163128968,1
0.06094796456464385,0.9910059401100225,0
-0.22316949493699145,0.7293163697895935,0
-0.17284615033787093,0.22662835631359557,1
-0.05432682661718344,0.4353485081757318,1
1.288919473428697,-0.7596876983988634,1
-0.0013406423081713525,0.11894232670574548,1
0.07946149627553611,-0.06686726197719926,1
0.10707460255023249,0.22021674910991235,1
1.5163025344570422,-0.1664668887606658,1
0.8599828863453568,0.09741167656525923,0
0.20853440602050652,-0.15338096582937588,1
1.8070702113203512,0.2897025122365239,1
-0.0019399893420174452,0.9877673262804094,0
-0.03588180411383081,0.8473998992646676,0
0.9216528040923454,0.06713143253146425,0
-0.7872730195720459,0.46814637735683917,0
-0.3676359217100019,0.25752277877772567,1
0.06770735599094957,0.8002109439472246,0
-0.012531993865411813,0.11899993337365317,1
1.3742994091881293,-0.5301805859413826,1
1.006766167676792,0.2749653778193383,0
1.3853050385115697,-0.3128505254849228,1
0.4015178287039556,0.8053365581155345,0
1.3345124146221807,0.28695951514253665,0
-0.9575095799312424,0.8824404070586183,0
1.3297301713415646,-0.7155330811979196,1
-0.8007313212755349,0.571717252999117,0
-1.1470288460813514,0.2024489947924761,0
0.3554614180342163,1.0426904527986025,0
0.14016581647415804,1.067671618501863,0
1.0168552309643124,-0.7634147977003629,1
0.8290821456588184,1.018821040371959,0
-1.0330445633754712,0.15099953782477726,0
1.69280949744416,0.558838849181185,1
0.7125644972651777,-0.42814503190003134,1
0.32843301400971886,-0.009985306840114214,1
-0.48927049584668925,0.5944186709359829,0
1.6488529952223314,-0.2917426035855592,1
1.6371634647693891,-0.37976850272434093,1
1.3668957446511452,-0.2542476971019042,1
1.220467573568984,-0.7727598948309127,1
1.4706935966992452,-0.21638887114542293,1
0.4487246897023258,-0.3182251736902121,1
1.3552158839120323,-0.3373792277556942,1
0.5750953893282276,0.8095560358300815,0
0.02308549270940058,0.8455879157163582,0
-0.9431846310849458,0.483621481407558,0
0.02375780173094462,0.08665628129406758,1
0.36633835156494277,0.15949232031407368,1
1.2973228773517753,-0.36269880348496025,1
0.9489834821792846,0.6227186429299063,0
0.4855385044041969,-0.19967821624085771,1
-0.5032283110458133,0.5527088381885724,0
1.1374826729712633,0.4446207835878697,0
1.7815416441332035,0.1508348786752884,1
2.1233251341167056,0.2953387239190328,1
0.3478494086988422,1.4638564455928917,0
1.7016660606934293,-0.28841384858386965,1
1.0463796294686836,0.3133133213470778,0
0.958543813824078,-0.2093367418115072,1
-0.7038297448552608,1.0384777751296403,0
-0.6508247133307989,1.1920902811542617,0
1.1665651208049233,0.4870441091163563,0
0.8276114948391113,0.5198410900902443,0
-1.075997455836709,0.04435283040661027,0
0.2512972692773125,-0.5410610165087198,1
-1.0027675492188475,-0.13794555481283466,0
0.7553683034517664,0.8090111126753416,0
-1.0253705968722417,0.7957420132764169,0
-0.3335453132522921,0.9047005687231542,0
1.3440963392550342,-0.4145353280088496,1
1.1125209487062893,0.2502119812903646,0
0.17199691478650062,0.8487544053688261,0
0.3104468447322284,-0.5464004181055981,1
1.214361829498884,1.0299263837932748,0
0.9893634875622113,-0.7302136396640687,1
0.3193321084386757,1.0842808061501275,0
1.139647328489726,-0.5505449339325035,1
0.43462913316651297,-0.2759093924681787,1
-0.4909692940253031,0.41740975338972375,0
0.9492919921790604,-0.07294876848376011,0
-0.9477945835322924,0.7815286073241746,0
-0.5704949858014071,0.7023268602234106,0
-0.8155160849856679,0.1122606164988838,0
0.8659904116683813,0.7446842865813508,0
-0.4224469086432431,0.32595595928788745,0
0.6136676930843868,0.6695336653106182,0
-0.07800835370946652,0.7982184370002878,0
-0.022085775264806234,0.09600848335782823,1
-0.3944013850374972,0.9914120228622898,0
0.9952187123504899,-0.4586972094577179,1
0.029574379806323298,-0.31167576827266225,1
0.434653286742762,0.8166324208916047,0
0.0892635312299479,1.0048080719524133,0
0.6195160746796204,0.3330319248508875,0
0.6403999495457017,0.09182957361044197,1
0.10755799683645623,0.5293236225547876,0
1.3403220423121045,0.335982404903031,0
0.8149705109381493,0.25730063903842376,0
-0.42825224743912566,0.9957727467696982,0
0.9491016746390323,0.6532145642402264,0
-0.9586223645931193,0.671890130720407,0
0.08431246302609371,-0.13172616602832554,1
0.012283587193640089,-0.16991413303284914,1
0.49900663488479724,-0.3231344240126979,1
0.3667591046361982,-0.14029237582910314,1
1.4066129503074218,-0.7066842847227224,1
-0.06150769764894183,0.9899578404202485,0
2.263292146068866,-0.3959523320416988,1
1.1385422928320437,0.7330195150952838,0
0.06703022349606587,0.7044589922188855,1
1.7941976561851358,-0.11637396700713694,1
-0.9987754109146886,0.39819682837994214,0
0.6737320522916848,-0.46320605620446886,1
1.1031637680892117,-0.47081185830773586,1
-0.2495127890719957,0.9832814511160334,0
0.7116752281328941,0.7942765773791713,0
0.6449863722229613,-0.4264642799344867,1
2.162174730596192,-0.0717153911753784,1
-0.10900379007320263,0.38566697432733693,1
2.236413279827899,0.3168135860232495,1
0.44175826131923823,-0.359183428602477,1
-0.44087085707720436,0.7115563085367411,0
0.2408136070468275,-0.3099778649198876,1
0.601007161046882,0.25082565755773223,0
0.6876056365109847,-0.11572889190938301,1
0.15241910239361608,0.06332093297746932,1
0.8827318299885168,-0.4983376828245818,1
0.6758192806212296,0.9648099800593097,0
0.05461280789380621,0.9958984106638286,0
2.0414379540909353,0.4788594201978635,1
0.627346564026293,-0.20024549338058373,1
0.5832363522712062,1.1061734851440652,0
0.2987759307176187,0.8039932689397156,0
-0.2028974390119061,1.0148855551856186,0
0.30747096181346045,0.8223175134004254,0
-0.14828896978070266,1.0708498941867255,0
-0.9585643241341698,0.12511502473305913,0
1.182325251027338,0.7532648528071935,0
0.6190747374945947,-0.21969994372604948,1
-0.5793612584858164,1.007474437285871,0
-0.4804725061654396,0.4953470432817419,0
0.007283277821237721,-0.19818386381331995,1
-1.207023664870439,-0.009687277005399147,0
0.6815361926422272,-0.7507974354934159,1
1.8806998785324982,0.2010182724685195,1
-1.1523771575317117,0.54364216822609,0
0.12839313336735217,0.4785613522487291,1
0.46559168093235886,0.9730282381683669,0
-1.2130068472188775,0.28163966399954127,0
0.15514468381686755,1.103329930880477,0
0.1829626862067144,-0.49226115367905376,1
0.2687419625731155,-0.2153151534761609,1
0.46841385505255706,0.6532843441132358,0
-0.6371582803169904,0.3443293720522565,0
0.16146492745804591,0.3098352481536977,1
0.8066239868698274,0.4406351089013163,0
0.9746083374991799,0.278181187756781,0
1.7982099492418837,0.09489624382674255,1
-0.8046134569209553,0.17198658244507686,0
0.45800519418459223,0.8458285129034173,0
1.4940497069397662,-0.49404586350881907,1
-0.6088131465059176,0.9861562413161988,0
-0.76500358067479,0.6179840458206729,0
1.6314846153646925,-0.6502945970276437,1
0.9430329794720819,0.7334359073481435,0
0.7730800304738434,-0.548537969005229,1
0.8967780522862718,0.39927825549208873,0
2.063683155634639,0.7077358848005668,1
0.7327819124976213,-0.6377487393640942,1
1.9293451167563447,0.17241840206946146,1
1.309507274462902,-0.25448496966596673,1
0.5601203130280912,0.16578568686117995,1
0.7211732671837768,-0.2354207105638782,1
1.8661893053920888,-0.0420982668366367,1
-0.6874300777842014,1.0995303671380119,0
1.6337179516288984,0.2030273058721967,1
-0.8439475939255585,0.05031181544044866,0
-0.8311096512135137,0.006172310842110729,0
1.1246071754518288,0.2084884875169188,0
1.4557490724102125,-0.29399131517471183,1
1.164808120589608,-0.5752712212911235,1
0.42010155418915207,1.0713964093721213,0
-0.4359922111376831,0.560713920507165,0
0.7242359102540352,-0.11003379547659237,1
0.46119974195163027,0.695573723668111,0
-0.47141500860884056,1.033468733790924,0
-0.2748234506508219,0.7459490189848144,0
-0.5871212744350536,0.06900226368947654,0
-0.9743295891433346,0.48894708016713895,0
1.229669839119151,0.5654306980598856,0
0.23062061095525807,0.0696899878078189,1
0.535685455858103,0.9615040240943876,0
-0.4661267009165502,0.1614156248932102,1
-0.8337958158114549,0.24093389235911689,0
-0.9163338640573909,0.0720746272318489,0
2.2623236300512337,0.4027026967989785,1
-1.0056804175979086,0.37886609962740725,0
-0.9848565733795792,0.15250529014666314,0
-0.5377870223433043,0.6652346234153874,0
0.553884423850153,0.7503124216318596,0
1.8979803743044479,-0.296395237776383,1
0.497417789252987,-0.35799087193474455,1
0.9297126215002252,0.6407438519689186,0
0.00986534940563872,0.40956304655557585,1
-1.1026876813549056,-0.004708103873801973,0
-0.9202514600686967,0.32735938013838006,0
-0.44582278512427015,0.6021513645422845,0
-0.15009563572052176,0.9416790124025224,0
0.7258051534059465,-0.5231273358486899,1
1.6897330358505966,-0.11620398181381275,1
-0.1269268713306521,0.8234086270077758,0
0.577156785638749,0.3670979703212693,0
1.680595170079454,-0.19860426085894442,1
-1.0715914018788577,0.13829971723393453,0
0.18652856169109305,0.9969379264451153,0
1.0737807190959665,0.18584522604550802,0
-0.08259956442868682,0.31466033823053785,1
1.011007359225622,-0.6695361537964634,1
0.9966857654430514,0.11396341069619553,0
0.17853018304220608,1.028349420740467,0
1.8509280730622535,0.45796778336749355,1
0.14065757056557637,0.7966868772260975,0
1.8801143654780221,-0.29277227715019494,1
-0.5215568695458165,0.6962523468857794,0
0.9265379150698672,-0.5764416324771484,1
1.8967210514319421,-0.01885562100127816,1
0.7582055414642268,-0.3719696872973891,1
0.5308611112271466,1.149232489119368,0
-0.07103751497616877,1.0596270529108998,0
0.9261403022726467,0.14545108426019826,0
0.2818070459996412,1.1103270997663675,0
-0.2541416243345878,0.6886460622969727,0
0.9188215442325112,-0.1566766933434014,1
1.854077648282419,-0.30885466137813544,1
0.5706712510770886,-0.35820444596001483,1
1.0981620369309866,-0.5834113537457783,1
0.31519235277866336,0.3729354717135522,1
-0.8943836409565595,0.47368012114714647,0
2.2331798070317253,0.3022240648566099,1
-0.555131605099771,0.015344527272295932,0
0.5728032563069521,-0.6771083797968867,1
-0.19915641640856369,0.635597081348412,0
0.9452963143139353,0.21239834748672848,0
0.9340915209443615,-0.6661065972863967,1
0.6585327267572586,-0.5833487131116344,1
-1.020882249373151,0.5785680306000542,0
0.02338962902726302,1.013792317060461,0
-0.17260318068319583,0.8066361049112094,0
0.5666017868162784,-0.5031877810343209,1
-0.5727021066616128,0.6271154913914768,0
0.5949264145330203,-0.35753080349114075,1
-0.5757417729286781,1.0710305587557407,0
0.6839131425657631,0.7367898444466291,0
-1.1392923415842064,0.0593950258349884,0
0.44158050774780266,-0.0007060878302395379,1
1.8263735327509814,0.29134646309854606,1
0.544546695159141,0.15629460747702595,0
0.9854877037645003,-0.05335938811449806,0
1.6250299150659666,-0.21675230850005073,1
2.036976701579694,0.2564684849070322,1
0.46869130123336866,-0.02373336435920942,0
-0.12136809088888101,0.5883925850029741,1
-0.4300752110488616,-0.07385425782076932,1
-0.06187554922592198,0.4863485923661424,1
1.8208225135564262,0.136249184013566,1
0.5585022246191218,-0.8089132086860598,1
1.1489243547333152,-0.4569095733844565,1
0.9715832492004776,1.2784236031867398,0
-1.0656127922611347,1.1059066556138895,0
0.5546966942930426,0.8481794197956956,0
0.19730497259623664,-0.19329678767382572,1
1.160763772959831,-0.39561956313252367,1
1.6445641226948595,0.33184211861204427,1
1.3472012546585472,-0.6286329954771055,1
0.4880918221903177,-0.15520991940437473,1
-0.875129067574544,0.7120661503149504,0
-1.0222554260640526,0.633778903786772,0
0.5957091847145318,1.2583606333116382,0
1.9499667853672684,0.461631478187412,1
-0.20334538818718817,1.2340022030471371,0
-1.1107022357977443,0.4040211389757671,0
-1.0363248601463124,0.059428276498887836,0
1.9820019569830831,0.2832854631508137,1
0.8778568910113586,-0.4521550088161608,1
1.5994128055985335,-0.26179675760160614,1
0.63090732926288,-0.43089000566331387,1
1.7056892744247505,0.22269957531488974,1
1.0851380240367157,0.7092989162556034,0
0.00934032773586188,0.9455863625253154,0
0.05369682457346181,0.8458359583651338,0
0.7240218785547996,-0.4731270716620689,1
0.6280959590401649,0.8279247825848763,0
0.18723519390173454,-0.2089754402519432,1
1.7476445016887687,-0.7810301113433338,1
0.8293669692219633,-0.8171765954120477,1
-0.5977284833305639,0.6997248351844815,0
0.15691003640182383,0.45333119458054555,1
-0.1896596895460858,0.8337496005260707,1
2.087016974156295,0.0179958614018147,1
2.2171277378583527,0.1376999655927534,1
1.7273140360513688,-0.07332514102483548,1
-1.0668836860172057,0.06493035582702392,0
2.220485331488201,0.22987105368138808,1
0.14677196239815332,0.0028831541140962313,1
0.14943408382894818,0.912068302533972,0
-0.09564633764466557,-0.21469214598469114,1
0.2666170070663449,1.2389404971462117,0
1.7435493604473091,-0.30647738034843536,1
0.8223011998953356,-0.5718823231621811,1
1.776423094622667,-0.20444395914467628,1
0.9180421654715424,0.7558317926089595,0
1.1457864701763005,0.09547262524372183,0
1.6427877970925073,0.08043597606802452,1
0.8343214805012812,0.5308794028084446,0
-0.6790502763430987,1.3738410078139682,0
0.3216216375286564,0.4297690190454322,1
0.6983582215607146,0.6870862971419581,0
0.4020179878865565,-0.39766522346921074,1
1.2034796326940655,-0.7367435057297977,1
-0.8860506221122673,0.27227713870967707,0
-0.8978120751010067,0.6843605937374456,0
0.6058045332550633,1.1027495302284354,0
-0.7722268151636635,0.2012642225126825,0
-0.8178665872772586,0.09382552469630856,0
2.0251853591111693,-0.18251889556438095,1
0.8885747951612103,0.6856388427776523,0
-1.202386770829378,0.04777940383517382,0
1.756294247891987,0.21998082639022845,1
-0.4589058147595662,0.4214776073180643,0
0.44739932572118757,0.9535283323684064,0
1.3232914660149384,-0.5891618753674166,1
1.7373174064827108,0.15784789220912931,1
-0.22299480005778205,-0.10602234378265327,1
-0.144846419487375,1.072969462052711,0
0.8040139124822634,0.43021885839770263,0
1.1747304336278743,-0.3718413791687133,1
-0.00819555785335603,0.7986388385993302,0
0.7737833662804646,0.7369673817979336,0
-0.7149037980133222,0.7970965885708416,0
-0.9764743161734881,0.5795297389040344,0
1.7539263055183165,-0.24366913668591478,1
-0.11706397405184772,0.522831896931931,1
0.42369430709347305,0.5497861386376934,0
0.7534416729100775,0.7859227854571783,0
1.826346022181446,0.06821816538814257,1
0.3152299894603463,0.6658329335882974,0
0.26294125744808927,-0.39056602950161334,1
2.3326032255150704,0.15964476091279184,1
0.8858018064235587,0.11941527788626496,0
1.6628649169775347,-0.008156496413579295,1
-0.5610522921871037,0.7144183867694154,0
-0.018276878898311342,0.3658347194272078,1
0.518506331908472,0.634670632845749,0
0.5370085743741406,0.9862259130793154,0
-0.18403277754881991,1.1119508317793747,0
-1.2400085984220512,0.5064034181946349,0
-0.9595144620341228,0.3326608131338901,0
-0.15761295774286233,1.3635518127118587,0
-0.17068572200593363,1.0560753897643351,0
1.6762474701386452,-0.3267527230971785,1
0.3686302053086021,0.03763404605318901,1
1.390513862399135,-0.34428928718464424,1
-0.9236348376646479,0.5247941196004103,0
0.9886378003704318,0.2532282301846294,0
-0.012304223200721054,-0.2542330389074311,1
-0.129640288196409,0.00915484941029443,1
0.08313438407558381,1.078703713887409,0
0.35954074618323884,1.1024378766616107,0
1.2082213181928887,0.13243189965941854,0
0.7401409937462898,0.7587590667455657,0
0.474122945297181,-0.25201446739016986,1
0.18107603168053535,1.202986391759273,0
0.6078599208696877,0.7294098487238091,0
0.7338602454034056,0.23681558661359237,0
-0.04313311657313168,0.6171186787625869,0
0.4917717177754074,0.6330373096295084,0
-1.0101538225960522,0.07040965714772873,0
0.1639946529465835,0.14413273123362996,1
0.7998992542991437,-0.6380723950848326,1
2.126078973181676,0.430674756449855,1
-0.977286539273122,0.3514748391594792,0
0.8447421508209945,-0.5389414243466875,1
1.4363081610634192,-0.23780627805159524,1
1.6136818642932158,0.6694582286429072,1
-0.47178553657659816,0.7914812410002927,0
0.19240308971538417,-0.12094286326255803,1
0.20458173243334893,1.1336103937384645,0
-0.5582059002312099,0.9126820821928396,0
1.201316312752873,-0.7041719197123537,1
0.32989762368653586,0.9184179912724748,0
-0.12346861623325134,0.530721250668952,0
1.9737796675714492,0.2664669974141345,1
-0.289320006505901,1.0207207428789256,0
-0.0019949467125129072,-0.15193627311908192,1
-0.01300427121732961,0.18585957453037413,1
0.9242399132250375,0.5809112583502457,0
-0.5144699978469657,0.06534685903110309,1
0.286854316144741,-0.6891187213781202,1
0.2043200679107756,-0.31446911459918203,1
1.244266321564066,0.26870260618468855,0
0.8758525345848984,0.16658290361654213,0
0.8073891528520384,0.2986029366242754,0
-0.3454035680037376,0.6430539093674668,0
-0.9082512645840096,0.5889772742456688,0
0.8755213214069235,-0.5776493413447493,1
0.7753376378871508,0.3857801076536,0
1.2201450490476273,-0.220099317909118,1
1.241316379094838,-0.5476204234129212,1
1.524439918593442,-0.17578728214701766,1
2.035697229743514,0.06152314614060089,1
1.4339430138287717,-0.36677324308358916,1
-0.11994118060191061,-0.003680855322415813,1
0.2630125549349176,1.1740770406873542,0
1.1041395338963609,-0.2604141397419456,1
2.09111007779603,0.45689039840247114,1
-0.07859657212125237,0.5607923300528258,1
0.46077728551309394,0.2822694282856344,1
0.11363387984316098,-0.691075148267815,1
0.7036060514759357,-0.7751481977315839,1
1.588568309351502,-0.16112831092719848,1
-0.46023900231274095,0.952682460504436,0
0.457791496785955,1.1663528662547142,0
0.7803626453545683,0.10438635580602967,0
0.8418655994883617,0.25084428684803123,0
0.9817134091179998,-0.3898828908584749,1
0.15659384764017867,0.7611782666817581,0
2.20181913540452,0.3087384056580622,1
1.1322039739162608,0.528459264518381,0
-0.7532302477460739,0.801750135524359,0
0.43485770053192474,0.9575430499752016,0
-0.8443454629309566,0.9245718232562149,0
-0.10748642827920568,1.0633707595941084,0
1.056507924871361,-0.17556328425392229,0
-0.9853532912596275,0.8279995405597043,0
0.1677185204698869,0.3387130442282749,1
0.40822569371326367,0.465542325542852,0
0.7749265736650737,0.5295489220480858,0
1.4809205964305276,-0.13798400911846323,1
1.1464428517515681,0.07621850725731305,0
0.492752932978518,1.077659778324037,0
0.03320125871531461,0.8277940253795034,1
0.3990263797135008,0.8922476973320281,0
0.7493674556372729,0.7752360258105785,0
1.8502479523023942,-0.29422412105939344,1
0.1384972455828236,-0.29205980354887173,1
-0.67675418470302,0.6630779322615317,0
1.3964095343692149,-0.2516065258764826,1
1.330064108084107,-0.4369156935983862,1
1.3373410766063931,-0.5005009835854979,1
0.1635128445123944,1.2845376205140284,0
0.6978329513560254,0.6757564626330268,0
-0.6198592292950835,1.1330695251733565,0
1.1566667085492126,-0.1114783869776389,1
-0.280818560026046,0.9188543759516341,0
2.0297013221587332,0.44791277167250265,1
-0.36289745208077157,0.7729050286296898,0
0.6654276601633056,-0.21544050767162884,1
-0.1562996906925688,0.540472689478659,1
0.657247722690391,-0.2900317377433468,1
0.9981714498169554,0.29837820759901856,0
0.15062139442507197,-0.22994177165128693,1
0.5279625793934726,0.4605876951746368,0
-0.8122986444883717,1.1667093694702384,0
0.5707212666317705,0.7287408163124893,0
-0.06306970323772856,0.09446871252130082,1
0.7113057808332766,0.40640655215500004,0
0.3353188426266462,0.1758606434999444,1
-0.10347208834753466,-0.22185551257812006,1
-0.5526380627060323,0.2709029614100648,0
0.8368902505076863,-0.2702522807233156,1
1.0084741113217939,0.15147825518739538,0
1.0346152406187792,-0.07345524789243188,0
1.1438933109577436,0.5953207655777943,0
0.9075844878687461,0.6707512986403301,0
1.3388969605279668,0.16273577764273936,0
-0.37897263285593097,1.0796754982902448,0
1.3944321750768485,0.009264187545337421,0
1.6139490845299362,-0.14408443395275833,1
1.1380391773831011,-0.6853249958388986,1
1.0632989578860217,1.0082515090350308,0
0.9478461338613634,0.23681055425926684,0
-1.2607513965510204,0.3609112576331052,0
-0.582285685618974,0.6909301699329743,0
0.9145930769770153,0.28543199212611997,0
0.7500878387829419,0.41588381973186805,0
2.1819187886160347,0.14998384322114167,1
1.4449856153830154,-0.3770861910800767,1
0.14978247609945128,0.7230705439003617,0
1.2322720886033764,-0.3926574202393906,1
-0.8981775418797617,0.4095667349487592,0
1.009590095857319,0.44737306332198273,0
0.505713626231924,0.9492047936245138,0
-0.025490224706896603,1.31157413440186,0
0.9887059621143091,-0.18084414523525738,1
-0.7675085641808965,0.4016212561738349,0
0.1083036203556879,-0.1840908290363956,1
1.0394984206317879,0.3157621768552938,0
1.8778969719816119,0.3852016160732668,1
-0.6636335974329396,0.30806850639376554,0
0.39629692130742183,-0.41462836981189966,1
0.7183285794367097,-0.02217793084663966,0
-0.1542516650241271,0.7077714567914036,0
0.8312406790537257,0.6212676982477539,0
1.6884166431644738,-0.07289949974061119,1
0.3388482417678655,-0.14501818209773293,1
-0.9832216390786975,0.012919308665276463,0
1.9073327402972973,0.0745916333559869,1
1.1743221067968712,-0.5644732983580213,1
1.313974603138642,-0.6219645319364011,1
-0.6336894941301027,0.5325398953333439,0
-0.566494358524301,0.2695519097878402,0
0.3860120693080664,1.144550930283714,0
0.9603136127343329,0.5607694292752171,0
0.8571959207135185,-0.4841624816699967,1
0.8400544437882373,0.7722181256191025,0
-0.14741448292981313,-0.2153177431742855,1
0.9182777812637617,0.34455560877936964,0
1.7231968873025303,-0.7216359938606287,1
-0.41782342935492084,1.152632512972584,0
1.1630625108393975,0.6245575825091608,0
0.9494657433597908,-0.3749122083237063,1
2.0389727316917767,0.4645079206950975,1
1.043821055822447,-0.2151302537683899,0
1.1310339651523411,0.12882574456463272,0
0.8409739862872059,-0.0840472315738991,1
1.3677341418806113,-0.4450639532728712,1
0.5595575797460992,0.8205018340831887,0
-0.7394656358553234,0.7476419147961186,0
1.994891478207056,-0.021016956747774616,1
0.7964800601537403,-0.6049197844959604,1
0.8785291133575577,-0.015444209044609115,0
0.7035750746474172,-0.34068902839971393,1
-0.3051842239775675,0.40048315328068185,1
0.1076363237382405,0.4437666147767237,1
0.33094120682919337,0.0678920550253615,1
1.0602448205660238,0.5242652276408601,0
0.48730289656210046,-0.30643074466017073,1
-0.07249557804003282,1.027683545646665,0
2.084047489867018,-0.001147469061517803,1
-0.2472167994412795,0.4143891653604124,1
-0.7226059615643449,0.5366690605342328,0
2.0143390390351232,0.6518248990400055,1
0.5023352094849991,-0.49927591464927235,1
1.2281543521041096,-0.629121249072631,1
0.8863034192772685,-0.5820692695879095,1
0.20029909516680144,0.7042140832036079,0
1.6304094164055294,-0.366934254930261,1
-0.17799161836165478,0.10473128794266351,1
0.7369374884263696,-0.4520814202181528,1
0.9507570988217829,0.08692247422063129,0
-0.21952679625101884,1.2088468504797052,0
0.45711848210868133,-0.11399472552875911,1
-0.8205674455122616,0.2502514726866926,0
0.8986880879434366,0.22012634459128905,0
-0.9859491185791566,0.40225607019806914,0
0.5371412457579245,-0.4119154232583476,1
0.774470958472966,0.4330724226593732,0
0.7544236460734118,0.1834317597946254,0
0.23361101105768528,-0.1943475419765308,1
0.6181176913490783,1.1991817691377937,0
0.6921535066514731,-0.9895382008016093,1
0.02579668604513234,0.05530431472893885,1
1.6535051573132638,-0.12064023922352729,1
1.2887438464720928,-0.3668649944979522,1
1.1288855564364584,-0.7690094742738999,1
0.27392181308796426,-0.293363661122812,1
1.098839344590985,-0.07876448443041371,0
0.2604424565217133,1.3744471014688349,0
-0.4465963839704543,0.7830171892755303,0
0.658706607439659,0.647349498032564,0
-0.6969441714922082,0.2342260404542756,0
0.3495867196786704,0.950468821085976,0
-1.0596885689996765,0.007788010897152031,0
-0.9077199333019552,0.22147390159317606,0
1.6972066855901,-0.40884325404287736,1
0.4987092211441734,-0.3419106694247409,1
0.46630598724203376,0.6427676656891612,0
0.4239218929722915,-0.1535048118296658,1
1.5693403532506842,-0.10021830291157857,1
0.39224650945077105,-0.44744332366213746,1
-0.8911505288405177,-0.37007686878414636,0
-0.1978500492976735,1.325822147455903,0
-0.8003072559823762,0.49475209824039423,0
1.851204727135092,0.45917052118783286,1
-1.2826739973395682,0.19014468383993516,0
-0.3658966228854539,1.1180426570355988,0
-0.14458417529651166,0.7444844271494853,0
0.6123755775115075,0.22805444334388147,1
-0.44612899511586845,0.6507667154362491,0
0.6585372992762536,-0.4754721144805474,1
0.6874852615903653,-0.13532533129541063,1
0.2780565323284815,-0.1558238283315709,1
0.2800473717098085,0.4652939096343285,1
0.5277100323015089,1.2139972349085837,0
-0.725036995541432,0.8572836397185724,0
0.9738139754659638,-0.8103583252301255,1
0.5026184982088526,1.4035723558628295,0
-1.3629564612850793,0.09400571564227432,0
-0.6499271673034845,0.6528356376268788,0
-0.6973458946978404,0.4782302589431744,0
0.05260847714918049,0.23880349305431467,1
-1.4338287409030503,0.32998946678938723,0
1.2686470271903878,-0.48670122440847424,1
1.003373734444992,-0.2842353636615691,1
1.1187020108786885,-0.31646702842056984,1
0.9106329983989765,-0.23715702750697448,1
1.4974336478744052,-0.36245065682476996,1
0.043901906434970994,-0.15470111457068358,1
1.4052518457595884,-0.4481591204127864,1
1.5434755207707078,-0.4209094652663495,1
0.687942569972371,0.09038783903500164,1
-0.5523506595625399,0.10629104694021804,0
0.9835493556483139,-0.012814939286968946,0
0.0036127514802703764,-0.1985286869241276,1
-0.587571010124624,0.47026304245045425,0
0.5891329223016644,-0.16016628972821378,1
-0.05282699351769371,0.5621679862277429,0
1.3507439483216093,-0.26580947137012045,1
0.7893019150661545,0.3797183384526079,0
0.981030085529099,0.36066673856379083,0
-0.069426607206198,-0.06999950266227242,1
-0.5685757367572344,0.20620227520318937,0
1.7046206047510015,-0.4945306852992868,1
-1.0066742703218892,0.7420425144813093,0
-0.051886755888319536,-0.2063569215192709,1
-0.007345363726315442,1.0221743921347595,0
1.724127590985466,-0.07082196683446237,1
0.5999710517158796,1.0341197835004698,0
0.15223645195408575,0.8801436796816786,0
0.24179936014734113,0.6035273729323729,1
-1.220550240851955,0.39452577555481155,0
-1.254508317095388,0.5215919083651887,0
2.3234738220228284,-0.019751593854634264,1
-0.08989474587633688,1.1498393760932621,0
0.5988029529360435,-0.6222509776838455,1
0.9549385249850442,-0.6132593062335951,1
1.2063053848192102,-0.3184984063342834,1
-0.37709068384500455,0.9405559536676846,0
0.789423817226309,0.5889155132946037,0
0.08303659562314494,0.1399539256082619,1
0.8934819603438281,0.08270201386026513,0
-0.8200754089033986,0.7759491042072162,0
0.7980145126519205,0.05645359326043137,0
2.0321708775324043,0.3457230137038265,1
0.3572773282568843,-0.1871607480781427,1
-0.8433184732529739,0.4902993125783295,0
0.6387510167486455,-0.5580565947099968,1
1.9706362325188487,0.23376468871625666,1
0.04389832554439749,-0.20560472194643875,1
0.1485604847242808,0.47414567154678805,1
1.7020613642649938,-0.27871639549788574,1
2.0663692022809603,0.43389834681144523,1
0.24011940113086766,0.7484251326468199,0
0.6325976919574654,0.991864282163021,0
0.14130416933976997,0.010370887322695907,1
1.2020173660708144,0.26240198441675133,0
-0.004660185934324712,0.03336803230853977,1
0.676251341967725,-0.4358969376970084,1
1.860346243281895,-0.06369635816177457,1
-0.7472744109262953,0.15225722835200717,0
0.6381585330994578,0.4280870627743267,0
0.7399107316744926,-0.20939820073887677,1
0.30645776719201384,-0.25074600517801426,1
0.797194918649813,-0.16134157423142498,1
1.6044753612874538,-0.467317585982884,1
-0.8561346913180945,0.4380854217874632,0
0.27036602712635627,1.211116428737875,0
-0.8151158759339763,0.08113658482913676,0
-0.06818429054795268,0.26619062445308916,1
0.1916847020842851,0.35499402199251057,1
-0.05867087997753512,1.2529038583338694,0
-0.892036745569522,0.5380529263866973,0
-0.503367235342157,0.9413505294542689,0
0.63633463277999,0.9416717551143317,0
-0.5829138465849582,0.7522954555365668,0
1.7122198478036856,0.2022516239026811,1
1.4609265068846344,-0.8409577246761331,1
0.3204672791340029,-0.0027674779574819175,1
1.5528510981859427,-0.03382048041079039,1
0.7285069422710064,-0.4932136099584965,1
1.5894131759301313,-0.08005454106925569,1
-1.3067871503206612,-0.1542876410441755,0
0.08391779541443828,0.00560536808934993,1
0.1201933792680614,0.5109668389700086,1
0.7029379397880225,-0.1300889778517178,0
1.3048566382060687,-0.6567212012620667,1
-0.617449950576103,1.0059006245533688,0
0.29339698843892714,-0.025772519011861315,1
0.05443745483178135,-0.0521571584107602,1
-1.0159417002693814,0.06649382215418281,0
-1.1295954709525784,0.2670544931678578,0
0.07570665096187737,0.3832371393794274,1
0.3535767976314972,-0.43063784555816065,1
1.330631433830407,-0.10709227690946152,1
1.1183206811194673,-0.780706849855817,1
-1.052501671985094,0.4196344748683647,0
1.766819090411025,-0.4460825191533759,1
-1.030666934210083,0.057822567893678734,0
-0.651708278448851,1.1486069047306926,0
-0.5764113792075369,0.7706079330428589,0
0.2070142699251682,0.987562314934063,0
0.5121174097426666,0.90272951476788,0
1.01746713864784,0.23719734635098388,0
1.2802190181054396,-0.11912640942947772,1
0.3065887267335524,0.8742235855387476,0
0.5231069392850368,0.846972822057811,0
0.694302982575354,0.3737049291352633,0
-0.34550395615547363,0.4626131872480176,1
1.3084913085270224,-0.48376229788549174,1
0.28005553732533994,-0.46962172144263,1
0.6029227009366602,-0.495554973465877,1
-0.5043437506217174,0.720794406910959,0
1.074531146231373,0.08054425869136699,0
0.4661130726044427,-0.47917292997988825,1
-0.8850890667015374,0.6495043360546006,0
1.0842194174024429,-0.5819376614723654,1
1.979913941949811,0.0804699312863889,1
0.643158348224434,0.701931984425898,0
0.9607314864426246,0.15538754204390787,0
1.7984814723116562,0.2214221700196026,1
-0.766775551201959,0.5521919771187443,0
1.7460987375044759,0.38773857029286735,1
0.6477943192346928,-0.38208486016598875,1
-0.9906649763590103,-0.324571798092826,0
1.353954012939315,-0.3126681175561923,1
-0.8804258318665034,0.8157136346806768,0
0.6536716908575904,0.5847086421150599,0
-1.2214202467175528,-0.10968773604002327,0
0.059806389643506264,0.9659122093144645,0
-0.6038432222801524,0.6147230260887995,0
-0.810582424188216,0.7366618676793358,0
1.8142113304304377,-0.03126587997486534,1
1.1827596782407959,-0.21415455061656336,1
-0.8935454604984746,0.8502582979152988,0
0.5080834917124051,1.0585621277864126,0
0.006609249025787245,0.0910116421927775,1
-0.6467753377224694,0.2356897269292445,0
1.2307298072081188,-0.48482005268094114,1
-0.11069040034972757,1.0095902908190255,0
0.7428150082893433,0.28880850977434974,0
0.13367551122290625,0.8245757791113344,0
2.1568660561157587,-0.05059051023177563,1
-0.6737969106477998,0.2598481743645513,0
-0.10456963442790945,0.8538990873298009,0
1.937744803117677,-0.03860842429006789,1
0.8561556629910421,0.3749728539077046,0
-0.6301462557808509,0.23577843931858905,0
0.9881827658242631,-0.5283802160846508,1
1.6877779178375012,0.3632497719513692,1
-0.8601942306557036,0.6596409921169628,0
-0.08567278578934331,0.8421211733317792,0
0.35219704506211974,-0.30612575008513176,1
0.404001563625369,-0.49886605752946134,1
1.0633066867339824,0.3653086665102743,0
0.34774137113907083,1.1467208897026555,0
0.348951477117386,0.810574873442245,0
-0.19801181970863294,-0.0014506969180729246,1
0.027154380168762593,0.1732053001173218,1
1.8853398673842467,-0.17008318045765855,1
-0.8704168215181638,0.7866028506859559,0
1.7735353443410569,-0.16585809085187816,1
1.556170325924176,-0.05820336772757115,1
-0.5740923688421081,0.9348863205061695,0
-1.3328582045434014,0.41637438510449065,0
0.9061859657183681,0.6493595599920523,0
-0.8084217720261757,0.43776760744590526,0
1.075215142539103,-0.8535466368768951,1
0.6121922815163308,0.9233695491032212,0
0.7732342071371052,1.0112628120615559,0
2.015505665643124,0.20745253486694293,1
-0.10371230350729116,0.3516504169108188,1
0.28508977507605426,0.8103006730688939,0
0.8643481211854793,-0.4530444975507675,1
0.26619877002961784,0.17148342874818673,1
-0.6303666521954235,0.5168543336160898,0
1.4167896263011275,-0.170589827944832,1
-0.5308518737699458,0.5115137036365534,0
-0.015199356398862274,-0.2170880152193584,1
0.1794517799623381,0.013767304877002048,1
1.0878927873089133,-0.506664755737084,1
2.369835090217653,0.4945523785436919,1
-0.1368456538282582,0.6754017173756959,0
0.9450758220462891,0.0018516555125572959,0
0.6281695441669052,0.992390775336689,0
0.12013485677720817,-0.23058192017568238,1
0.5782458316369631,-0.025535610438126966,1
1.720424382719311,-0.18761276959624418,1
0.4928336413399975,0.9544836763178435,0
0.4636533578396075,0.7103323958655625,0
0.01335125062378173,0.8420158531990884,0
0.8518869472648039,0.8767080401727146,0
-1.0813469562237694,-0.2048427198854214,0
0.16171267686049384,0.027942047963746386,1
1.4063567071354357,-0.3686688841666336,1
-0.05540041295228723,0.20960863994422535,1
2.090722595445037,0.17655387386451718,1
1.394356714513282,0.402410631943125,0
-0.11581321725732407,0.3525677051328985,1
0.005542440608146234,0.23374154935100466,1
0.2649274667906822,0.25198666787475954,1
1.8181605022448013,0.6139572677145502,1
0.4433906396187105,-0.170313720909585,1
-0.7010033721393185,0.8876962670351671,0
1.9194702713089558,-0.39283314866004343,1
-0.5969004760582829,0.2675629644104065,0
0.8070266239969011,0.24234037487612783,0
0.11758501723158388,0.21101552027609596,1
1.7054511047231733,-0.2347573141498999,1
2.1012284191798685,0.7831717065622931,1
-0.6761294384145965,0.4034976344846739,0
0.022056453009792143,1.2962508655997764,0
0.03325275519963111,0.5774243861071243,0
0.2627000625232001,-0.5348034225540128,1
0.5109517296938969,-0.4098813822873866,1
1.8819632686437147,-0.5225164816713179,1
-0.02178745689741801,-0.32378083926269235,1
-0.35579845960329604,1.1494473830975416,0
-0.599038569295956,0.9882371031592595,0
-0.3188571861639917,0.006920085030345205,1
0.39788397039864476,0.2065794664619401,1
-0.9850299110168725,0.5769556994184567,0
-0.03569572023124183,1.0937535613647607,0
-0.6809699927651612,1.0316747819424494,0
1.4291887339373455,0.13118590414865025,1
1.6882215716165458,0.008281683298032083,1
1.1471239783071445,-0.7708933264950408,1
-0.08779089809543139,0.08532525546460393,1
-0.8074887118475965,0.4951173266182738,0
0.838032107066524,0.4959862878460895,0
-0.7897801524425765,0.7097553927672342,0
1.9978640271562864,-0.6105955083403278,1
-0.33810149324843064,0.40473987157459623,1
-0.9977963710349118,0.44314552841974886,0
0.7745603851360392,0.3135900836717165,0
-0.15281542753694355,1.041744003833431,0
2.130883990692704,-0.06854197723257921,1
-0.6435642729363578,0.3427639716949502,0
0.23708918709886562,1.108306639073145,0
0.7687722626710536,0.7021995357376272,0
-0.4742092601419812,0.7450228042095386,0
-0.9388630617903725,0.3530828411209279,0
-1.1722238176007922,0.5882477263135214,0
-0.7273141187329197,0.3231419327617987,0
1.1296953983726887,0.7070848199624689,0
0.5917318187169284,-0.34325047968416034,1
1.4620851717270285,-0.2563846582212747,1
-0.9076292317500729,0.0641237134434039,0
-1.1300589709481972,0.4185016185678604,0
-0.4654592708854135,0.7420996894246965,0
0.42032298035428195,-0.18293447984690958,1
2.149980047884742,0.5558535676433051,1
0.8097387401196791,0.07628281879851596,0
-0.19829483083847307,0.36398987279714484,1
1.6842596193002441,-0.2035549796955026,1
0.43919149850825057,0.9467452217206787,0
1.3312246271858135,-0.6171565380966064,1
1.5545507994862562,-0.035773949784559174,1
0.08755553291890966,1.0068848978439733,0
-0.07260355354979656,0.09221919453493022,1
-0.0484953091625594,0.1990907942886015,1
-0.7462819082063762,0.34805500889142493,0
2.1274101781491983,-0.4932702586757745,1
0.8390255187094546,0.7720272430172844,0
0.7614490219675973,-0.39591472750328716,1
1.4077497330317736,-0.5611685190901724,1
0.33371984948459615,1.116987291094986,0
0.8695207391804755,0.49591889110173715,0
0.35331774248554676,-0.15519022861934906,1
0.3351703764112857,-0.23883094613582168,1
-0.2585794414539358,0.9871368477800179,0
0.687619358830756,0.0008223555644706892,0
1.4345642810139339,-0.3091638989787555,1
-0.6660913408626259,0.8054964437075707,0
-0.9256590183796843,0.7699543484065883,0
0.5841568878084348,-0.3803434869783153,1
0.29388989150687017,-0.009287416095520057,1
0.4449473196469859,-0.30472995318966684,1
0.41856517024458717,0.9211648549164427,0
-1.0446656193161994,-0.29006312582552685,0
-0.5551465446716045,0.6777756021911526,0
0.18928166795107682,0.9230095641423356,0
0.15540172545356226,1.040866806742106,0
0.5965121938230745,0.6257628311867053,0
0.8220646811996148,0.41945946855347227,0
-0.695234811397359,1.1675924593772353,0
0.9453366316626789,0.11030129877120082,0
-0.7397620501107544,0.5547093619994822,0
1.7458995381154818,-0.21802403737733406,1
-0.8684323627847593,0.5824947958872365,0
2.074698395338333,0.05767611115470398,1
0.410580492315721,1.285661458769677,0
-0.8930366832131785,0.3082171569548062,0
-0.421436671889852,0.466908561774555,0
-0.6486185721442134,0.6684196423729358,0
1.8527485926011682,0.2543801855179867,1
0.006866492424450275,0.5318152988898821,1
0.20672899684150348,-0.23513273455587286,1
0.9156231590316457,0.6530396630599812,0
0.8457289759306457,-0.5612041895539147,1
-0.05126699235524132,0.1279849174457517,1
-0.7774417621289211,0.7217355839251726,0
1.637073682266662,-0.5903151408155889,1
-0.05354103404156398,1.1582185912578324,0
0.8255307238730661,0.41630305129104744,0
-0.7955930641862363,-0.023178836715610884,0
-1.2049983016129615,0.4110436367390274,0
0.34449383793706045,-0.5226383754757334,1
-0.41957423228508706,1.0214267286436691,0
-0.5526797054358968,0.8960189627850651,0
1.5548794754276574,-0.5499319530650724,1
-0.161153644596785,0.8743681784546027,0
1.7900597864599754,0.10073734884247389,1
0.9028196115744682,0.1253302335024825,0
1.3911167725959055,0.2456400413362194,0
0.4524873376808413,-0.3983615110187789,1
0.4399928109089644,-0.21635784418335974,1
2.2520710770837225,-0.08261093247534457,1
-1.4518620422152178,0.1253157742355429,0
-0.7787554616114191,-0.25341514143790894,0
1.3924224035001007,0.5043921697013416,1
0.8754760265216893,0.3445357768585511,0
-0.10308317126462596,-0.11727939998346931,1
-0.9776506566442726,-0.1032516713103736,0
2.0892551341819288,-0.20885267055353196,1
1.301152676930652,-0.6065291042920171,1
-0.37995658761906703,0.8368288536828012,0
1.0035932400091037,0.16443728890537085,0
0.5935712551489654,0.9230804711052069,0
0.3823358459504558,0.9035862339815987,0
1.704058679703488,-0.62984056508679,1
1.1337949573105086,-0.12175876375875394,1
1.937500353814175,0.3907290041650937,1
1.725002978952584,0.5788251825163742,1
0.31875843852457786,1.0824271935419758,0
2.0542039529076077,0.4545576468125638,1
-0.2907268617770318,0.5558264463969793,1
-0.04833744843794102,1.0981671906494361,0
0.5679673811895639,0.23801628968888705,0
0.5650613858899225,-0.2613993267691147,1
0.4728581384919311,-0.09115298458159345,1
0.630354872667229,0.22870809030971032,0
0.9934279656521066,-0.3540371653020155,1
0.030566105331933192,-0.033115054226146634,1
2.0289848228252567,0.851305720019498,1
-0.04711240626331949,0.9778238390524009,0
1.3389666108298344,-0.4501612746141916,1
-0.43614985077507706,0.6600039441509482,0
1.4312681462632686,-0.2160369159109234,1
-0.16542792954016577,0.7251846993661797,1
1.4707258356066915,-0.5498001003271945,1
1.2136772613248108,-0.5572587189144027,1
-0.8401959503639468,0.06710630372858892,0
1.919971386797193,0.2360908270851912,1
0.6876219907860172,0.37794064339194067,0
-1.029179866714013,0.7792502587957836,0
1.3609723049053835,-0.5266581502395096,1
0.4882314449372027,0.43403865879847686,0
0.5922995256029634,0.06141595812290005,0
1.6320226850017836,-0.3528111517329592,1
0.18165840272207956,1.0535410433905872,0
2.405806001003855,0.03792838829980749,1
0.888378945478481,-0.24453336541675325,1
0.5958916532426531,0.7001407644531021,0
0.90171170787442,0.153230630208978,0
-0.40472444375302213,0.828783725412767,0
0.11171796622492464,0.27289680408415223,1
0.38939028770305417,-0.4911832824628949,1
0.33708912670578706,0.689970159216083,0
1.3580418681563446,-0.29704263435199596,1
1.7980099554144764,0.24103347272478903,1
-0.6407801190544827,0.5580184014776639,0
1.6872358335515376,0.16954887427444346,1
-0.6862286157302402,0.5857340726836293,0
1.4936136084277498,-0.13851194138443543,1
0.18654642038423136,-0.22601719154994493,1
0.1297921856104925,-0.3258165360183578,1
0.8363271162547243,-0.3882139624140101,1
1.004510828395384,-0.2950780083392711,1
1.2442499836077627,-0.15721811407390596,1
0.44387698608823156,-0.37688168131637867,1
1.8450717330450355,-0.04977114190824009,1
-0.5664365975267484,0.37041225204763695,0
1.1672600767419254,-0.24023666830593393,1
0.7569571838841864,0.662301149268366,0
-0.6509840009041217,0.05445297461825796,0
0.3025168437059095,-0.2828721026210419,1
-0.6964341830158343,0.5708703973266738,0
1.6348876712649498,-0.47059971170712933,1
-1.2595182957680668,0.47496541287392,0
-1.3763320905892995,0.2036925176860147,0
1.076153041431667,0.4983838845732182,0
2.3085062839341584,0.31038632776691366,1
1.6332395827083537,-0.13973075996840598,1
-0.03934470193514023,0.6831184225525384,0
-0.09930827368500636,-0.024053429639964596,1
-0.11379474700511971,-0.19816378523617575,1
1.4957474255398835,-0.6726493789675414,1
1.028841435084662,0.4614482638305004,0
0.874856533400488,-0.5501625955094105,1
0.9415441546592292,-0.34821273433803046,1
-0.20719678669665675,0.7983077408069604,0
1.8028676455305894,0.0748877693594816,1
-0.019904473026564423,0.4848947866720906,1
0.8810163123156346,0.17238188923674058,0
0.7548617489358631,0.5018639698631312,0
-0.04961361198159503,0.8450977739654044,0
1.765553442601848,0.348775998420482,1
0.9943915401873714,0.7351521136864584,0
1.471646478383964,0.5841841351012049,1
0.13175437546954138,-0.029614828022618916,1
1.973250731587413,0.1991347199583222,1
0.8663138133562212,0.06473857885779095,0
-0.12052545547936583,0.37511549943961375,1
1.8202815406861739,-0.07484344822015293,1
0.046915416701328656,0.4294932339274305,1
0.2517968663995237,1.1528493302904825,0
0.7647111066889389,0.6077515367836401,0
0.651682209360709,-0.6279411038617329,1
-1.1281331385316915,0.12543370060765988,0
1.886076086685519,-0.05374483891759438,1
-0.8333306133532629,0.579936084867579,0
1.1199716552052044,-0.3855221336260909,1
1.9146577351092755,0.3273562774513139,1
-0.4017298458431895,0.8485370412396618,0
0.5751524150313461,1.0595066164470242,0
1.4609641373349258,-0.316212264637416,1
0.46766087664843914,0.23420312177813973,0
1.4505598787838594,-0.29009395306410735,1
0.520096023516153,-0.736457233880934,1
0.7376321782601319,-0.9250257327637758,1
1.1647324944628652,0.23719983002126016,0
0.3374532451065078,1.1854368394353836,0
-0.6077175823108814,0.6774112932084672,0
2.0686453691560733,0.27770011857032784,1
1.9535692824142785,0.043745752194080195,1
-0.5143742243424674,0.5413226896318971,0
1.8154089112765006,-0.2502684600192372,1
-1.0857951784471984,0.36059860014031664,0
0.27084505276750814,0.944837192189619,0
1.7621467818901484,0.04266203036113432,1
-0.1302503811603411,0.032425682996425065,1
1.0068148523288125,0.579215902327652,0
1.2123275610814517,-0.45251237661582017,1
1.7995245644996787,0.29855155856028304,1
0.39797920211075377,1.2527037538666255,0
-1.0889968044953784,0.04152683226307696,0
2.1572360164303817,0.18500038778204195,1
-0.2272861401793697,0.9345668758351209,0
0.3782798031276202,-0.6873147340084244,1
-0.19577141545464471,1.1258300376695054,0
0.7819085265951002,-0.020204242544629658,1
1.0023766880737996,0.7847013618600673,0
-0.01104284136120487,-0.17726988903384738,1
0.4080293445209655,-0.0640567311895139,1
-0.31313305842402284,1.0198267576609166,0
0.9652157577958596,0.6914564531251078,0
-0.45199035080171096,0.8120487495487535,0
1.2774412968230475,-0.39130784700498417,1
-1.0906322956693069,0.20788798416642063,0
0.5352621560259005,0.7914172598877821,0
1.1686937321557889,-0.3560006698140368,1
-1.1032296566541515,0.4674304850291174,0
0.6323819136474033,0.45011681494165023,0
0.6888392313791712,0.6808697041383869,0
2.0269330252402353,-0.0253804148844394,1
0.3869046180942356,0.7599306836801343,0
0.8094351663691599,0.2825872727038019,0
0.3758384309629212,0.22952454129754984,1
0.6438967683465596,0.8087378907691565,0
0.4484100095830208,-0.7318924693588256,1
-1.0616852125029144,0.2226743240113302,0
0.39867848634966596,0.7813188447799269,0
0.7680755774765112,-0.4060746597764846,1
1.8534907015314843,-0.1455956637178609,1
2.0844385407913215,0.18276459427691924,1
1.3698022715721825,-0.08298546774828466,1
1.8129692342060366,-0.052669371577704654,1
0.07795073761302172,-0.14535650682660156,1
1.40283556504458,-0.30496908560003544,1
0.8405827468508952,-0.6529722940411286,1
0.2577422683716448,1.1496252576211998,0
1.8255737415370352,0.22762851924059807,1
-0.6618012411506934,0.6692072266466076,0
1.00017901709477,-0.3078805320956366,1
0.7614530971207042,0.5253357251367341,0
-0.39683706752909237,1.0916614345913307,0
1.1001613735182882,-0.17255002806067565,0
1.0871041952623135,0.21745602537939765,0
-0.5411363360899575,0.7507431729674391,0
1.921539451449878,0.39215208459601336,1
-1.1966678012766023,0.5394138366693235,0
1.0859865309587737,-0.51245939480054,1
1.4902373891326557,-0.2924125445268266,1
1.9163290158770512,0.13765180854836068,1
0.8043572898795927,-0.5068664979138571,1
0.9978639026208318,-0.29190457150686855,1
1.279718814791225,-0.687687300429361,1
0.37442572665955237,-0.35272808048582543,1
1.623851063201537,0.00685827002376059,1
0.07540204591642362,1.1142064837657517,0
0.8503841588939018,-0.15411459245987902,1
-0.08919519724916916,0.12909568633468027,1
1.7853677242256918,-0.393150671623514,1
0.477420534370193,-0.4667039384846683,1
2.2003522053672686,0.08806507188774429,1
1.282564709483875,-0.4755431829856562,1
1.7385758730274736,-0.4337820955629931,1
0.5333457437838015,-0.49280545307654283,1
-0.7272000254204349,1.2348126817534908,0
1.756650603022615,0.173147295336606,1
0.3510911838009435,-0.4199499941579029,1
1.756707516786395,0.004428019340358552,1
1.5519124618891778,-0.06909854490360148,1
0.7472266677928722,1.0235650713902056,0
-0.5421350992722724,0.6769573685932712,0
0.6727556443779901,-0.4396127692805174,1
1.0447348712337028,-0.9322369959803327,1
-0.6138088384954634,0.8223314839797309,0
0.5833357305737885,-0.17425086967653158,1
0.452472943249702,-0.013025347263422082,1
-1.0395895926125729,0.2723014229768945,0
-0.06328359422422142,1.1830277529073956,0
-0.6231529755140199,0.8637033839366897,0
0.35932422965156197,-0.22265166809182194,1
0.8294502899862787,-0.6192230094883239,1
0.7297785086972906,-0.862872161155877,1
0.5774015333952756,-0.30567952721602254,1
2.0002698453708607,0.2908049525822462,1
0.5316121824569601,-0.783995211762259,1
0.9856715728967534,-0.5211031796998332,1
0.5160824586961844,-0.07421182226307882,1
0.9151708522508728,-0.3413407362597055,1
1.5630581606076581,-0.11840004965802459,1
0.4248024001643158,-0.5437271557670658,1
2.1922588520753035,0.3544483909235817,1
1.6429398361937746,0.08581497750056212,1
1.5133851156802232,-0.23234120621400034,1
1.7535127374985393,-0.5400610006424676,1
-0.6965386109569508,0.3543549484021317,0
-0.8452275425046654,0.33066819094548594,0
0.16350812241920823,0.48799559740227605,1
1.8309328947785077,0.2956103387905042,1
-0.04927933908652685,1.307516814977752,0
-0.8188271092663061,0.8345751725092576,0
-0.564654257730242,0.9245712241487035,0
0.008451681457439644,0.2892194829103981,1
0.3390479013707223,-0.11762111408962617,1
1.7846793455240468,0.16595293801873823,1
0.09801328230284774,-0.23244790476485477,1
-0.02775314015869746,0.8365774143507815,0
0.3135552863733124,0.25887958540746114,1
-0.2401330933216766,0.8976372910286534,0
0.32408075678841664,-0.10448165128831696,1
1.4039839742751152,-0.013474506805354558,1
-0.8755557119080661,0.7169941071010275,0
2.0240938706454585,-0.27506620228387696,1
0.8792287287554656,-0.6872323860705195,1
0.2132806862560128,0.8062820718434739,0
1.8626822929276523,0.03150152428068048,1
1.1279924327106778,0.3445891849669023,0
-0.044282965846351,0.3218627946885493,1
0.0958406296024081,0.840228910688648,0
0.11786650109130811,-0.10499974462577291,1
-0.8500301935659098,0.5330304845682841,0
-1.1986495179647096,0.31818281321330383,0
1.2882838560796543,-0.40378943735231176,1
1.8148041932970354,-0.1756108829127589,1
0.9131014260001518,-0.5384514095032131,1
-0.8408459516780473,0.5876538273277718,0
1.2665744226372793,-0.5642738613618787,1
-0.19144156558453285,0.09174313838138154,1
0.9306576192260037,0.7190419437913376,0
0.4471295375774714,0.9176682090011701,0
-0.5179104695544798,0.5041119352461596,0
-0.7277839075347547,0.3868869237515325,0
0.19511256539577537,1.0670041950233475,0
-0.6614279889946713,0.7402914255977249,0
1.8953352583038685,0.015746334210206023,1
0.7513806805838406,0.04946684041012431,1
0.1484395092459595,0.43442092322961645,1
1.9969335052049235,-0.0023519209852579936,1
-0.4280355521330612,0.8405481804927618,0
1.9266939779285464,-0.46722494191766917,1
-0.304328783655195,0.8403736108740939,0
2.0534166044778526,-0.17432552165231563,1
-1.2302812380621275,0.11236149355283377,0
1.0106680040950766,-0.38084268933934545,1
-0.5929905618899585,0.9504912176897425,0
-0.7037381528094047,0.844872217950856,0
0.6798815464759197,0.4436279048595696,0
-0.7140227206285531,0.6746678569754045,0
1.7113112740364902,-0.12025010092292587,1
1.622698107818876,-0.5103805237858321,1
0.3175434717762181,0.7398575961619889,0
-0.18151395480913446,1.0195317544864084,0
0.24560949427600928,0.22731800282812642,1
-0.03171680263736674,0.24342650784725606,1
-1.0828200522380007,0.27735235738640995,0
-1.06952359061331,0.8941448260864576,0
0.675562688707863,0.7326746622884333,0
0.658519584295501,0.5428016680499895,0
0.1472225070010338,0.4171454866136298,1
0.79321322350121,0.17536766809991144,0
-0.23518256282568373,0.3960122749877056,1
0.9555151736592478,0.8211946252440164,0
1.0454777917042346,-0.6940602813892499,1
1.9321786967170642,-0.09202037309429288,1
-0.0912066418657761,1.084414992559813,0
0.6123006638675168,1.0273379449682043,0
0.034445278492843845,0.33199478575809005,0
1.6402897315518516,-0.2531004511264714,1
-0.0035123922290889453,0.7466525523609974,0
0.26424031603289033,0.8968673894847282,0
1.2168893609272378,-0.6276297620681764,1
-0.29107469293181965,-0.021746593172815534,1
-0.01677237215062967,0.1528617361318044,1
0.9629209869579592,-0.4470462174376216,1
-0.47741689624858813,0.6415359795415545,0
0.20932029016471476,-0.34987868846309556,1
0.1852038517148863,-0.2666025005048521,1
0.036981582954303316,0.986443642013436,0
1.6295301411055674,-0.059206400341282134,1
0.9272654887334286,-0.11927160849001814,0
1.7236703947815257,0.14002813971891537,1
1.2844920708131475,-0.03987484850932847,0
0.3072731868332693,-0.41911665735487585,1
0.15207540995199284,0.13930313182969922,1
0.08505246715245118,0.9501713906224468,0
0.6340194735708101,0.754169843286379,0
0.9575364460039799,0.4988513617248103,0
-0.7686728062329538,0.6391091947308374,0
0.6089011334196169,0.625400204114308,0
-0.8061222227678789,0.6566975706755633,0
0.04532584724381229,0.42286769963076754,1
-0.7437724246691518,0.16127236944200826,0
0.6628215405538712,0.6349789125975154,0
1.8734143517621586,-0.03080494149916152,1
-1.0190086637575615,0.7896700620046068,0
1.610622521103653,-0.3616339438815038,1
0.869848567721746,0.6695054945265482,0
1.4899046489342456,-0.24378430346707033,1
0.13838352200088272,0.4213757124346085,1
0.5844839047724331,-0.15477219326884936,1
1.273130297808552,-0.31133045984735497,1
0.8420486880940488,-0.4030883690729429,1
-0.38547890389927675,1.500026195234743,0
2.106160717129253,0.5203412885576412,1
-0.6008981954888812,1.0156096860561528,0
2.111672250938508,0.34183910660004,1
0.6891701248319632,0.7202857976616008,0
-1.0950799748581057,-0.15264378050416685,0
0.6693903029104249,0.32072284213736124,0
0.8593691762438895,0.1480136212722103,0
1.2855936807807442,-0.476176904844618,1
-0.6312876637127437,0.646245991248726,0
0.9201989348950541,1.224430962920514,0
-0.8435416763212308,0.8505707478523205,0
0.8799711394601196,-0.7028947091700802,1
1.6169915254969003,0.12086360635789362,1
1.6649072010904427,0.09514611841411394,1
0.27991868792989183,0.3801473742928491,1
-0.37500418776427136,1.0739340795522636,0
0.8578133426878655,-0.5580658259147055,1
-0.15217457706760576,0.7559126395285741,1
0.04858801282547873,0.548656078576678,1
0.5608544390268315,-0.7053782035515641,1
1.8331033339752412,0.15394237883785633,1
1.0528030697474065,-0.46603930854622727,1
-0.2846943264873633,-0.04526282817811805,1
0.9334796683882053,0.7216937382187018,0
0.9159140326573396,-0.09683539644403173,0
-0.9674672322677471,0.5729392324491314,0
0.10217661355355355,1.185291905931095,0
0.7487645282380903,-0.7190898758304296,1
0.986008374946388,-0.6624221833214313,1
1.892193872135099,0.6739841954007664,1
0.8278393608833612,-0.4097006430792128,1
0.7049479302148256,0.3245604339681034,0
0.7963364470131975,-0.4844021109669955,1
-0.6787722420805157,0.573839996479144,0
0.13129899877918969,1.040547924687387,0
0.718512988645786,-0.1341285441297954,1
-0.6745404729596739,0.5449466143806512,0
0.6365851506846748,0.7350954793838581,0
0.7410521799496741,0.012218416367873047,0
0.7675040280907607,0.3981000387327198,0
-0.003914516666867984,1.1749466010407434,0
0.25449602834862844,1.0467469924705277,0
0.4059963690769786,-0.0579990566792038,1
1.063347145806381,0.2186235266043896,0
-0.7601237290497421,0.4383115915601604,0
1.014589291364031,-0.08278109014948117,0
-0.09495142891608532,1.1037520876657707,0
1.732620009709221,-0.24083034397248992,1
0.9495925585799352,-0.4127422384439688,1
0.1630352290675572,0.28504683315969165,1
1.2474890206286369,-0.302072560888523,1
-0.798286144379173,0.22621980974912675,0
0.2931330748819712,-0.03238809790668584,1
1.2704677632612198,-0.3591563206284398,1
1.8872096284910986,-0.015278431097238032,1
-0.21995190056489194,1.0425564058265704,0
1.8574915134211338,0.3024829292147294,1
-0.7413365829173549,1.0567354171535928,0
-1.050181397055462,0.4222463978608605,0
1.1342592193520238,0.5437655931932466,0
1.619710647235155,-0.4875315661245692,1
-1.2915606268334048,-0.1993649003973303,0
-0.3113278215385176,0.8327360807861333,0
1.0763485367708128,-0.9440829656156227,1
1.362598395181957,-0.12093558338514859,1
0.024341079800403828,0.9700138420919499,0
0.14603271344402619,0.5721394848268526,1
0.03589639303039713,1.0106604006886482,0
1.3011333982465427,0.013520958360059454,1
-1.3204499141880233,0.5713376841121577,0
-0.7250463255744353,0.8254466306678615,0
0.5706113650236777,0.7022992792593352,0
1.1401023014821297,0.6885735338353888,0
0.6725401974446973,-0.5418593176255879,1
0.04226588334233822,0.9012176135821061,0
-0.19634037329871373,-0.1128969138339148,1
0.7929597742061183,0.5081574105561683,0
-0.7807458201767061,0.23548230218952143,0
0.07314584476813413,-0.1540761043193754,1
0.6720063820721711,1.0825808682549851,0
-0.8178459969262818,0.5253955912498233,0
0.8200387263346618,-0.5830996288085003,1
0.6277742289454089,-0.09037669212032295,1
0.5035880497960923,0.9609477651343145,0
-0.7612141034435642,0.5148308796849504,0
0.46009415817152405,-0.6843277078987271,1
2.0062392927329946,-0.5815251479322968,1
0.7111989318699307,0.30947120920663285,0
1.8136755476793227,-0.32824008246316294,1
-1.167301393797084,0.6426117248718654,0
0.2200802183506704,0.23045772714052054,1
0.8233829236629228,0.031375133396060406,1
1.3998255192664069,0.132848652283123,0
1.2697718689780373,-0.42185243391874233,1
0.6079670585115192,0.522815661610565,0
0.23317661543322094,-0.34306670942256534,1
0.2707657075687604,1.2086720558358386,0
0.5135768776753634,0.366990061006714,0
1.6462779071693698,-0.4439755552395784,1
0.1553703786136483,0.4323057555527633,1
1.7171222507519424,-0.3152303212753273,1
-0.19902128841125888,-0.01863188480428729,1
0.22427831425169692,0.10636860101986376,1
0.3701058700531455,-0.3831295471388764,1
-0.9670130202165902,0.6327130149541624,0
0.8059333638795158,-0.7601133779191906,1
0.22621047027556593,0.07307510823172787,1
