indice_tiempo,produccion_petroleo_crudo,productos_procesados,petroleo_crudo_procesado,produccion_gasoil,produccion_nafta_comun_mayor83_ron,produccion_nafta_super_mayor93_ron,produccion_nafta_mayor97_ron,produccion_fuel_oil,produccion_mezclas_ifo,produccion_butano,produccion_propano,produccion_aerokerosene,produccion_coque,ventas_gasoil,ventas_nafta_comun_mayor83_ron,ventas_nafta_super_mayor93_ron,ventas_nafta_mayor97_ron,despachos_asfalto
1996-01-01,3652.5535360000017,2215.4,2131.623,826.125,281.732,316.379,0.0,182.922,,45.282,55.145,133.644,73.006,813.659,205.276,353.654,0.0,33.49
1996-02-01,3433.461066,2034.2,1958.236,847.935,239.262,236.082,0.0,146.003,,41.234,52.265,112.289,72.979,795.599,192.714,341.622,0.0,40.999
1996-03-01,3724.930466000002,2277.9,2193.624,821.815,231.589,362.762,0.0,166.008,,55.994,51.932,131.338,40.937,883.508,200.882,346.777,0.0,45.329
1996-04-01,3639.8616340000012,2212.0,2127.846,798.993,200.067,391.168,0.0,148.237,,45.742,58.505,123.022,33.622,902.791,204.901,338.528,0.0,39.412
1996-05-01,3837.41376,2308.2,2224.31,905.344,213.232,362.31,0.0,166.291,,76.306,72.6,116.845,63.68,966.94,208.982,333.038,0.0,47.495
1996-06-01,3780.383183000001,2358.2,2273.388,970.29,202.528,356.286,0.0,201.1,,61.958,58.507,120.285,32.25,869.348,189.875,310.407,0.0,33.665
1996-07-01,3913.321505,2543.2,2459.279,980.345,237.826,386.091,0.0,273.277,,78.045,61.29,123.547,40.189,970.271,213.498,336.061,0.0,30.133
1996-08-01,3928.992493,2502.6,2417.784,925.338,196.788,361.767,0.0,215.631,,78.252,54.257,119.65,104.965,1092.122,213.911,342.302,0.0,32.686
1996-09-01,3850.3965529999996,2319.5,2271.987,1051.189,164.316,397.418,0.0,182.28,,52.931,58.56,97.062,71.669,953.182,224.856,345.867,0.0,36.098
1996-10-01,3938.9239970000003,2361.2,2271.608,934.135,209.228,247.229,0.0,212.891,,44.448,49.276,127.949,65.083,687.511,175.879,275.912,0.0,39.88
1996-11-01,3868.6101409999997,2249.2,2163.187,846.063,211.105,339.644,0.0,131.293,,34.689,55.196,133.555,109.99,820.947,191.006,295.788,0.0,44.875
1996-12-01,4000.759306999999,2303.0,2206.129,866.581,206.075,317.468,0.0,145.342,,43.905,48.776,120.252,114.005,918.883,209.179,339.987,0.0,37.764
1997-01-01,4019.1894730000004,2453.0,2367.792,1015.28,203.626,315.786,0.0,160.661,,48.87,51.778,109.531,102.745,874.118,193.947,331.542,0.0,40.939
1997-02-01,3670.2825450000014,2329.9,2252.286,903.165,231.6,301.101,0.0,150.109,,44.821,49.539,122.46,106.02,806.711,172.406,294.778,0.0,45.409
1997-03-01,4064.6308330000006,2580.2,2493.765,985.407,261.343,234.897,0.0,129.936,,50.106,57.918,112.119,125.649,936.256,190.897,321.236,0.0,48.631
1997-04-01,4005.0620919999997,2464.0,2380.571,918.336,255.016,255.699,0.0,242.156,,44.156,53.777,106.035,72.893,960.382,190.73,320.482,0.0,49.821
1997-05-01,4157.267542000001,2544.8,2458.105,1100.106,173.88,290.72,0.0,191.819,,52.873,49.169,84.617,112.798,929.717,186.021,311.843,0.0,40.87
1997-06-01,3885.2906630000007,2420.3,2338.351,865.489,251.735,334.43,0.0,174.173,,59.343,53.539,73.815,109.014,844.325,175.322,296.372,0.0,34.654
1997-07-01,4040.901205999998,2592.3,2507.651,1058.79,238.654,364.376,0.0,163.166,,57.387,58.912,108.987,78.031,995.145,189.648,323.204,0.0,36.569
1997-08-01,4145.783978999999,2622.6,2536.612,908.819,265.947,284.879,0.0,180.65,,57.242,56.913,124.012,87.181,919.795,179.358,308.677,0.0,48.776
1997-09-01,4026.092598,2581.0,2496.095,1072.831,204.951,337.657,0.0,133.383,,69.076,54.049,100.313,113.725,965.38,177.114,301.734,0.0,56.763
1997-10-01,4189.481892999999,2654.3,2567.63,991.559,216.471,370.155,0.0,152.918,,52.574,66.491,125.491,126.006,1020.39,186.61,317.149,0.0,55.606
1997-11-01,4044.610708999999,2490.7,2407.379,1096.362,237.649,316.112,0.0,149.548,,69.967,59.68,118.83,79.002,922.844,161.524,289.644,0.0,65.031
1997-12-01,4154.364683000001,2578.5,2492.361,1138.57,228.596,329.856,0.0,135.359,,58.23,65.938,142.164,84.844,999.491,188.432,348.552,0.0,67.448
1998-01-01,4136.774519,2452.0,2367.146,1078.548,203.913,365.225,0.0,160.664,,63.173,67.159,135.909,96.339,907.625,167.252,328.627,0.0,63.986
1998-02-01,3748.1488130000007,2436.0,2359.11,906.228,161.49,416.117,0.0,137.622,,68.922,58.53,147.572,112.808,835.207,149.038,294.964,0.0,73.987
1998-03-01,4155.681212,2757.5,2673.631,1141.262,244.818,337.8,0.0,170.791,,61.478,65.048,158.33,121.828,1037.982,161.583,309.988,0.0,84.615
1998-04-01,4016.7702679999984,2661.0,2580.358,985.693,282.091,283.808,0.0,160.402,,62.065,70.614,129.134,96.289,951.098,159.889,310.569,0.0,75.653
1998-05-01,4230.240045,2746.8,2661.506,1114.113,328.127,273.985,0.0,154.958,,79.052,62.017,135.573,103.281,1005.673,154.197,295.248,0.0,71.28
1998-06-01,4072.102593000001,2601.0,2518.652,924.026,228.242,363.257,0.0,170.993,,56.679,60.687,141.874,119.131,1025.913,152.434,290.11,0.0,65.542
1998-07-01,4175.748591000001,2687.3,2601.782,1069.911,222.468,448.179,0.0,156.053,,60.971,63.728,130.978,98.521,1009.874,158.854,306.428,0.0,61.231
1998-08-01,4201.8652,2512.1,2429.618,957.061,188.658,359.649,0.0,184.049,,52.173,70.271,129.138,113.758,973.34,153.538,303.072,0.0,66.942
1998-09-01,4082.859949000001,2543.6,2463.598,981.175,193.89,366.031,0.0,174.268,,67.591,61.658,159.227,84.147,981.296,151.904,294.453,0.0,60.642
1998-10-01,4184.793267999999,2746.0,2718.526,1027.272,277.716,352.306,0.0,142.053,,66.284,66.129,133.687,130.9,1011.882,157.379,316.088,0.0,71.566
1998-11-01,4056.047276000001,2620.6,2553.936,1081.632,222.868,341.329,0.0,131.122,,70.735,73.557,190.984,89.912,980.876,150.626,290.785,0.0,67.655
1998-12-01,4086.6232530000007,2762.9,2677.323,1065.307,300.686,394.806,0.0,205.869,,79.427,74.943,145.447,124.678,1014.227,171.17,346.122,0.0,62.783
1999-01-01,4166.523233,2859.6,2774.293,860.33,124.077,367.616,3.194,55.948,,66.088,61.538,89.164,92.536,876.299,142.808,315.025,0.0,58.889
1999-02-01,3592.6686749999994,2375.1,2297.795,688.299,216.041,225.067,3.628,39.598,,60.502,51.492,98.416,77.575,852.5517000007629,130.801,291.4248000001907,0.0,58.992
1999-03-01,3977.5848980000005,2737.7,2651.131,794.537,169.0,303.127,0.216,51.536,,63.258,53.964,123.815,91.023,1001.669,144.859,313.981,0.0,61.87
1999-04-01,3830.156384,2721.1,2637.89,935.612,225.333,335.735,2.817,89.612,,78.521,67.168,129.556,119.033,968.981,134.971,288.999,0.0,57.365
1999-05-01,3951.9696949999993,2669.1,2623.333,925.446,183.563,310.928,17.902,87.16,,66.489,60.921,123.235,117.09,1005.685,133.969,282.139,0.0,58.231
1999-06-01,3648.8703259999997,2552.7,2485.529,805.944,189.617,289.923,14.744,129.291,,69.932,58.59,97.586,84.545,969.719,131.391,276.009,0.0,42.593
1999-07-01,3800.704520000002,2749.9,2674.3,990.756,243.19,403.676,15.953,195.695,,89.957,77.541,188.334,116.411,948.33,138.727,294.147,0.0,53.657
1999-08-01,3889.916909999999,2794.9,2715.031,1124.08,217.552,469.547,16.358,158.161,,77.44,74.591,168.527,128.128,979.736,142.892,290.766,0.0,69.998
1999-09-01,3725.648464999999,2622.9,2551.578,858.176,179.78,310.25,14.673,84.182,,60.388,57.897,121.469,110.381,965.042,136.522,279.795,0.0,74.123
1999-10-01,3774.0863350000013,2755.5,2627.587,811.664,150.87,295.495,0.462,87.931,,51.797,49.16,98.547,85.348,961.35,139.622,294.266,0.0,73.457
1999-11-01,3591.538979000001,2657.3,2624.925,991.905,162.608,425.907,0.289,108.363,,68.777,60.987,118.027,96.903,1013.691,135.407,285.816,0.0,67.516
1999-12-01,3678.703631000004,2604.0,2604.007,956.28,247.773,346.277,0.24,97.569,,69.271,69.025,118.994,99.472,1043.98,164.612,326.865,0.0,64.991
2000-01-01,3759.1639179999997,2514.4,2514.391,897.342,129.586,407.267,4.371,127.431,,74.795,63.301,132.687,101.779,914.579,111.425,311.556,0.0,51.461
2000-02-01,3459.0996699999996,2498.9,2498.851,902.124,167.565,360.847,6.16,98.741,,76.598,65.645,132.038,101.019,891.732,105.125,291.23,0.0,59.231
2000-03-01,3624.6586590000015,2499.2,2499.225,1014.607,192.088,386.531,37.061,117.753,,88.409,78.059,128.698,114.532,1028.181,109.134,302.877,0.0,53.117
2000-04-01,3621.146441,2442.9,2442.856,888.836,123.023,365.034,22.81,114.29,,79.075,62.955,49.382000000000005,90.461,931.304,103.052,291.543,0.0,34.519
2000-05-01,3728.737165000001,2605.2,2605.244,992.381,210.125,328.244,54.654,120.568,,80.319,68.975,106.982,91.619,970.215,103.45,284.577,0.0,38.536
2000-06-01,3601.5472279999994,2491.1,2491.062,979.84,201.638,359.333,31.856,131.617,,92.798,79.645,114.199,125.679,957.471,99.988,273.842,0.0,45.828
2000-07-01,3651.4529799999987,2436.1,2436.055,802.81,198.476,299.78,62.162,129.229,,78.322,72.676,102.663,86.429,974.019,103.449,289.284,0.0,32.201
2000-08-01,3675.030407,2723.4,2723.374,889.564,166.388,339.436,19.595,104.27,,75.301,75.173,97.152,105.38,982.83,101.983,290.11,0.0,49.339
2000-09-01,3498.9879030000006,2277.6,2279.971,595.662,74.421,177.187,20.088,76.489,,30.775,41.563,92.417,56.417,948.022,98.56,284.912,0.0,35.232
2000-10-01,3785.9649859999977,2492.8,2492.811,768.626,105.038,329.542,16.843,88.668,,60.877,53.243,129.032,95.529,906.438,94.526,278.339,0.0,49.202
2000-11-01,3497.8754640000006,2577.4,2576.952,1177.719,159.848,332.877,60.045,178.974,,86.419,64.846,143.024,132.026,947.895,94.252,276.388,0.0,38.456
2000-12-01,3385.1009899999985,2636.0,2643.041,1181.256,166.899,386.043,92.852,181.265,,90.007,76.744,154.394,121.409,1017.111,105.207,317.725,0.0,46.581
2001-01-01,3741.553022999999,2624.7,2624.7,1064.522,188.214,315.927,88.572,213.188,,90.025,72.243,145.612,120.029,904.177,96.794,244.312,59.736,28.601
2001-02-01,3165.250446000002,2420.7,2420.719,998.685,166.863,303.295,67.93,161.068,,84.447,71.365,157.2,123.329,825.9524640000001,86.39288099999999,221.214996,53.614598,25.855
2001-03-01,3720.6805040000017,2535.5,2535.526,1008.294,114.559,397.128,97.894,146.051,,82.855,70.334,144.982,137.394,969.582,92.841,240.578,55.51,36.839
2001-04-01,3629.0920099999994,2565.7,2565.707,995.042,127.168,381.694,96.245,157.001,,94.731,81.351,117.642,137.337,955.207,83.467,217.092,52.659,27.697
2001-05-01,3871.382061000002,2638.7,2638.705,1052.058,186.523,368.337,102.039,176.222,,100.201,88.277,755.9609999999999,117.136,983.9718399999999,84.044,214.07498999999999,51.65473,24.98
2001-06-01,3677.563241,2571.9,2571.924,993.745,166.106,392.236,84.728,146.785,,102.223,84.06,116.146,123.84,918.2937,81.2078,209.20520000000002,49.7399,27.504
2001-07-01,3793.1897769999982,2682.5,2682.471,1095.903,128.342,404.446,77.91,113.289,,107.366,81.812,134.758,133.895,903.155,91.216,230.824,53.057,43.711
2001-08-01,3820.2025779999994,2643.7,2643.701,1091.465,109.973,464.939,101.928,163.386,,96.071,79.903,135.098,137.349,888.3552,79.10417,208.28286,48.343779999999995,38.4
2001-09-01,3790.077434999999,2481.4,2481.39,1040.769,100.76,314.314,79.446,133.84,,98.832,78.809,139.515,115.98,821.79,74.602,197.268,45.802,38.935
2001-10-01,3773.10013,2325.8,2325.785,970.86,129.729,367.411,54.852,138.054,,101.369,80.775,92.74,138.581,859.72931,79.7267,211.36501,50.486,35.528
2001-11-01,3779.2174049999985,2336.8,2336.787,916.905,75.534,449.365,52.199,135.668,,78.945,75.197,121.962,133.33,908.715,75.371,204.957,48.158,34.794
2001-12-01,3855.684169000001,2370.8,2370.778,995.974,87.311,434.298,81.425,139.586,,82.248,78.029,116.148,137.659,846.90149,80.37805999999999,192.49998000000002,80.31299,30.542
2002-01-01,3777.491174999999,2499.19,2494.639,1000.375,97.716,413.219,67.495,156.344,,64.579,73.653,157.095,140.122,769.13432,77.06453,215.47898,48.0885,19.641
2002-02-01,3370.7253989999995,2162.75,2160.236,859.574,88.99,339.71,53.283,128.481,,62.272,68.88,136.175,127.48,782.243,76.157,208.402,45.764,18.568
2002-03-01,3775.107334,2394.83,2393.436,966.053,121.619,377.173,62.516,139.523,,78.573,80.919,135.095,134.923,829.5246500000001,81.2676,215.0765,42.76,23.485
2002-04-01,3662.172528000001,2412.98,2411.338,991.096,143.55,340.059,62.5,164.698,,77.164,77.811,92.595,132.688,849.65684,85.68497,198.41970999999998,36.565,30.423
2002-05-01,3739.9596200000015,2476.08,2474.704,909.297,175.309,309.552,107.495,181.388,,88.487,87.111,134.856,137.579,925.1997299999999,96.421,192.39488,35.76,27.954
2002-06-01,3608.714734999998,2363.9,2362.99,894.6623000000001,151.154,300.4765,61.904300000000006,168.929,,83.891,76.953,103.578,134.808,833.3464,92.09979,172.1474,29.525,26.767
2002-07-01,3756.708476,2398.9,2398.938,799.6732,161.5455,321.1361,74.001,151.1,,90.24789999999999,81.007,130.55,128.32,898.8421,97.6525,184.38,32.179,32.053
2002-08-01,3689.288308999999,2266.5,2266.497,821.6522,156.737,302.033,60.932,144.30120000000002,,87.8933,79.556,148.079,115.681,830.4379,94.715,180.67589999999998,30.935,18.894
2002-09-01,3593.457808000001,2427.7,2427.677,862.1686,183.292,300.8585,67.924,154.134,,93.3251,87.346,144.727,142.387,794.29288,81.43274000000001,161.09728,27.559,26.834
2002-10-01,3676.256671000002,2552.12,2552.1234599609375,1000.8866999999999,132.2022,297.8109,112.515,157.5645,,88.6581,86.849,122.637,144.496,812.22647,84.0292,171.8099,33.09,31.529
2002-11-01,3539.7630489999997,2461.39,2461.3923999023436,1005.0508,149.5468,290.603,86.794,153.89634,,77.8931,78.56,120.319,142.701,834.36347,80.218,169.02798,33.773,31.791
2002-12-01,3770.9366390000023,2623.746,2623.746,1058.816,228.426,243.795,142.996,157.256,,93.042,81.534,130.192,142.148,869.74898,88.2711,190.5324,39.999,30.351
2003-01-01,3633.100908,2553.9,2553.880299987793,1013.382433,133.8251,300.7098,109.335,161.124222,,87.6555,82.857,143.055,147.605,800.04377,80.92730999999999,186.48060999999998,41.9854,31.602
2003-02-01,3300.2802129999986,2268.4,2268.385,882.4671999999999,128.245,236.10420000000002,109.479,183.393,,88.6318,74.622,114.424,127.804,797.24803,70.55728,166.57804000000002,38.136,18.098
2003-03-01,3678.934680000002,2516.5,2516.452,999.1824,130.9309,281.3048,84.977,153.041,,98.0975,86.946,113.386,150.35,905.16999,71.74042,169.15073,37.917199999999994,40.909
2003-04-01,3593.573987999999,2489.4,2489.413,993.9528399999999,130.821,229.302,130.332,157.2487,,97.19369999999999,80.909,94.627,138.838,865.888965,72.989496,173.198562,40.045,50.141
2003-05-01,3718.304031999997,2572.8,2572.802,1026.2276,164.627,269.386,78.857,150.136,,101.901,86.515,90.703,145.501,892.63224,68.694,162.88376,40.4864,33.928
2003-06-01,3576.258034,2550.8,2550.841,973.896,139.126,210.707,137.152,151.797,,107.335,87.866,107.363,146.685,830.617,64.2168,155.467,40.135,43.485
2003-07-01,3675.745126000004,2589.6,2589.565669921875,1046.6367,219.547,202.355,132.946,148.71820000000002,,97.173,83.918,98.583,145.02,848.13928,69.01060000000001,173.9536,43.9571,35.269
2003-08-01,3672.4620579812013,2600.4,2600.3646302337647,1000.3492199999998,239.9385,232.29785,92.34647,163.44530000000003,,90.474,84.982,124.956,142.671,844.38868,64.4423,168.27845000000002,41.90147,30.316
2003-09-01,3521.734801999999,2435.6,2435.5803003845217,937.112,198.9254,305.95509999999996,59.634699999999995,189.878,,96.6503,79.059,134.22,133.453,864.4322,64.0227,165.3688,43.1676,43.919
2003-10-01,3611.851913999999,2556.8,2558.422120010376,970.658304,240.298,215.262,79.323,208.05231,,93.18010000000001,76.669,94.313,132.806,909.327913,65.3074,174.1563,49.5264,55.582
2003-11-01,3450.8299270000007,2590.9,2592.2992549057008,1032.748191,157.14970000000002,267.98990000000003,112.8491,181.824758,,90.9264,78.486,126.382,147.133,869.1676709999999,58.277800000000006,158.90679999999998,45.6502,48.266
2003-12-01,3523.978700999999,2680.0,2554.255559967041,971.4283,169.31495999999999,212.49734,111.04085,169.42229999999998,,80.3763,70.005,128.793,137.322,931.9954550000001,68.17136,186.73779000000002,58.40926,47.476
2004-01-01,3458.681541999997,2914.4,2693.7022817955017,1068.0589309999998,186.02138,290.09414000000004,71.873,160.16452299999997,,90.2872,81.584,137.522,140.926,865.7521949999999,62.16198,184.96144,56.506,52.927
2004-02-01,3255.553386000001,2509.4,2338.654627090454,901.69244,151.51,237.64405,81.24503,144.38460700000002,,83.153,69.643,118.445,139.305,806.156162,54.349,170.34585,50.04803,51.741
2004-03-01,3370.994424399999,2859.1,2675.7857873334883,999.9524419999999,138.47244,278.68478,88.30591,213.778506,,87.8403,72.226,139.59,133.58,1000.4596789999999,58.32734,182.18457999999998,52.73511,61.676
2004-04-01,3242.6475609999993,2654.0,2429.4682999877928,954.5046,191.1695,238.77,94.842,188.5695,,98.8269,83.014,106.493,139.527,940.9156999999999,55.150800000000004,179.7879,52.719199999999994,49.064
2004-05-01,3509.717479,2769.3,2566.7099792785643,961.9915000000001,65.8125,305.01328,107.758,207.6615,,99.932,79.349,76.271,135.436,966.8414300000001,53.7791,169.78068,50.1126,45.417
2004-06-01,3374.0075557200007,2777.7,2562.9492049560545,971.129899,153.977,229.05238,123.15216000000001,211.252856,,96.20360000000001,79.251,120.939,133.432,931.75966,51.2362,157.29407999999998,53.79582,50.896
2004-07-01,3432.146184310002,2925.7,2724.483810089111,1031.39429,129.4485,288.17659999999995,120.261,202.38395,,103.016,83.013,124.811,143.764,909.90072,54.6719,168.9838,67.18839999999999,43.14
2004-08-01,3394.385786589998,2854.4,2649.299089477539,1013.7091899999999,172.485,190.054,73.21097999999999,194.38379999999998,,81.693,72.829,134.204,138.501,896.53116,51.2025,164.53539999999998,58.13228,47.719
2004-09-01,3367.4381680999995,2865.9,2673.756810974121,1059.9813700000002,172.464,236.682,66.13580999999999,217.91142000000002,,84.597,71.685,119.27,128.398,918.5110699999999,55.273,167.56077,57.569309999999994,48.857
2004-10-01,3441.611874189998,2986.0,2779.6386901855467,1071.66853,168.97292,291.73722999999995,66.75706,235.44000000000003,,84.099,74.473,138.095,144.853,936.70403,50.12592,172.90471,60.67396,62.074
2004-11-01,3221.8165418199997,2556.8,2377.3802822265625,907.0594660000002,177.96686,193.07264999999998,74.522,230.928081,,88.07,77.606,106.986,120.277,939.173955,48.86616,172.32995000000003,60.9557,56.606
2004-12-01,3363.9470050300024,2949.7,2714.511667724609,1070.755347,188.88012,221.47977000000003,98.33,254.003511,,91.678,77.733,136.604,137.874,1012.0152390000001,57.55847,201.51707000000002,73.2746,75.064
2005-01-01,3344.9707493200003,2760.9717660293577,2543.9499599609376,1019.6898590000001,190.916,278.571,74.315,182.017572,,84.621,70.949,115.131,133.193,955.94295,50.7865,192.17604,72.5592,50.608
2005-02-01,3019.839762109999,2696.9371870918276,2492.70349609375,945.4029059999999,93.4275,277.361,106.6363,223.57122199999998,,81.606,72.76,137.85,126.573,846.74855,45.943690000000004,172.92587,65.2846,61.997
2005-03-01,3336.577056699999,2941.9998708667754,2717.674017822266,1052.115437,119.053,221.975,134.1,233.329753,,93.951,79.309,144.592,142.805,1023.27526,48.838680000000004,190.68732,72.25238,63.59
2005-04-01,3231.491713600001,2613.6738151779773,2413.3488232116697,900.658172,152.24397,244.39334,66.439,226.436499,,62.681,55.692,115.516,120.097,1024.14989,44.09174,173.49011,65.264,49.964
2005-05-01,3364.1249665799983,2656.907899997711,2453.0466489868163,928.99569,101.574,283.0939,70.7425,236.37369999999999,,65.295,56.315,92.241,119.846,1012.44434,44.88934,174.59962,68.20885000000001,56.205
2005-06-01,3204.994766999998,2699.653663280487,2454.490813331604,906.2079999999999,140.97320000000002,238.7608,71.891,251.08584,,80.658,50.64,112.077,126.408,936.5885,42.71879,171.96156,67.80973,59.078
2005-07-01,3311.647357,2728.6182754719257,2469.364275390625,903.2157000000001,156.211,203.30089999999998,131.45520000000002,220.57,,94.767,73.549,132.986,138.247,974.3935,44.89646,184.6113,77.17065,41.346
2005-08-01,3284.9743260000005,2884.534930526733,2693.5430705566405,965.2925999999999,147.7632,247.36229999999998,115.7567,262.788,,91.942,78.987,135.902,134.065,999.6850400000001,45.252489999999995,190.5118,79.49025,54.018
2005-09-01,3079.3406980000022,2885.158439092636,2686.2640211181642,973.0686800000001,170.04479999999998,257.6096,90.618,242.07557,,88.96,76.965,139.159,134.641,1039.28464,44.38813,185.09421,78.03464,47.616
2005-10-01,3073.3932589999968,2891.061033355713,2685.011761352539,980.2579000000001,279.1955,223.0782,80.26589999999999,219.284836,,81.694,83.522,143.993,134.76,1006.7661400000001,45.68938,195.8187,84.86774000000001,60.29
2005-11-01,3101.7621650000015,2801.8596389923096,2629.6489559631345,1013.1921,132.9,306.945,88.085,264.09020000000004,,82.728,76.258,131.966,127.366,1045.7278000000001,43.019769999999994,184.89445,92.40982000000001,61.495
2005-12-01,3219.348407,2991.078,2757.103207519531,1085.3238000000001,150.9241,280.2066,114.95,336.294,,84.371,78.68,118.512,123.214,1109.2601000000002,47.14396,208.43591,101.51238000000001,56.037
2006-01-01,3197.9962880000016,2911.509135372162,2727.2173414058684,1041.9812,80.8552,350.22429999999997,106.914,296.4035,,82.911,77.853,142.531,136.57,966.41938,43.340120000000006,212.46857999999997,104.01365,52.861
2006-02-01,2800.112296,2739.7588183898924,2536.426118408203,988.3033,88.454,285.1979,107.593,269.98474300000004,,79.761,73.192,107.863,125.486,918.8605699999999,38.93778,192.90095000000002,95.55135,50.01
2006-03-01,3251.1854859999985,2967.879010044098,2752.1390239868165,1044.38643,118.212,282.472,160.231,274.12675199999995,,91.181,83.671,140.81297899999998,144.184,1073.4660900000001,41.78576,205.06185,100.83011,63.367
2006-04-01,3146.475086,2874.0471996307374,2685.0362785339357,1036.7505560000002,98.081,246.7635,198.598,290.98818,,83.559,78.729,103.844,130.718,1057.40356,40.14421,198.42604,100.80656,70.625
2006-05-01,3299.5903360000007,2938.399745414734,2752.764928489685,1022.007383,144.13,180.287,151.989,321.24129999999997,,77.553,61.109,102.573,127.41,1083.7638200000001,39.83414,200.52066,101.8415,61.919
2006-06-01,3220.1746200000016,2890.843803979874,2731.237982055664,1046.273189,58.864,240.736,168.393,323.46201499999995,,82.495,73.394,110.978,126.702,1073.96541,37.11871,188.97152,95.91129,52.255
2006-07-01,3312.5304759999985,2958.3994490013124,2754.8275489501953,1058.7436,57.981,237.115,193.182,298.40186800000004,,90.532,75.969,126.486,135.613,1018.61025,36.473,200.65229000000002,107.83466,37.559
2006-08-01,3281.221071000001,3128.5239000854494,2910.085900024414,1123.5335,30.549,344.1765,148.728,326.09040000000005,,79.319,73.333,110.602,134.851,1043.06737,38.35815,213.36132,115.83259,68.327
2006-09-01,3241.8668510000007,2709.872543838501,2487.495843765259,990.2936609999999,40.225,278.344,134.355,278.348353,,67.161,68.8377,104.892,128.07,1070.28907,36.220150000000004,206.92785,111.84895,30.034
2006-10-01,3339.940814999997,2767.3497890930175,2614.597439109802,1007.02265,55.684,253.89260000000002,121.739,257.27073,,57.938,63.944,117.664,120.308,1117.07341,35.17234,215.43833999999998,120.43821000000001,44.259
2006-11-01,2992.1439500000015,2990.3995000305176,2794.5105000305175,1051.741,88.082,242.201,136.791,332.5818,,72.807,66.193,130.388,123.834,1122.4021,33.76996,212.34872000000001,120.03962,72.641
2006-12-01,3263.0964989999993,3084.5334350509643,2927.0702150039674,1159.2273599999999,46.013,277.025,135.239,308.02371,,86.315,74.8991,118.962,126.19,1102.5936000000002,34.94355,240.81222,141.10957000000002,50.679
2007-01-01,3217.7018249999987,3035.3164046878815,2829.0030046691895,1059.8168,88.129,309.602,162.323,309.946397,,79.012,73.846,132.569,124.193,1042.8231899999998,32.8172,246.70331,146.52465,54.271
2007-02-01,2912.051836000001,2824.9335361633302,2649.7658271484374,1018.5182,63.0895,256.9333,143.702,301.81233800000007,,68.627,69.694,117.604,113.951,978.5853000000001,28.29925,215.49928,132.72898999999998,59.695
2007-03-01,3245.2667959999994,3231.0287454986574,3021.1967744750978,1131.0957999999998,76.395,262.544,157.66,423.434951,,70.277,63.845800000000004,135.788,123.967,1121.5692,30.2761,233.68509,143.6255,63.79
2007-04-01,3180.778350399999,3055.991405252457,2815.9309412593843,1046.05578,65.757,286.285,149.709,330.002116,,79.688,71.98,135.752,120.726,1083.68407,26.549889999999998,217.42933,128.59768,61.356
2007-05-01,3268.140084000004,3189.75528263092,2905.04876473999,1090.3291299999999,70.841,321.3291,131.838,401.05022,,76.736,72.02,106.147,117.741,1164.6846200000002,28.911990000000003,236.59494,129.26719,47.075
2007-06-01,3124.4464690000013,3154.273002254486,2921.319283279419,1085.18175,59.515,301.392,134.383,425.96716899999996,,74.936,65.298,91.034,115.254,1161.57228,29.16134,242.81456,125.86093,56.377
2007-07-01,3117.2591939999966,3272.9070405855177,3045.9398325805664,1083.1528,41.281,343.369,137.237,452.567821,,82.895,70.791,139.09,125.824,1123.3991,31.832,268.3255,135.4094,52.852
2007-08-01,3232.981836,3225.2710204772948,2965.7022705078125,1076.7878500000002,48.173300000000005,288.288,137.909,403.284087,,76.315,71.96910000000001,146.093,140.142,1156.8371499999998,30.10425,267.42283000000003,128.06235,58.533
2007-09-01,3163.569411000001,3063.9059363098145,2852.644736328125,1117.557,32.656,299.6455,113.484,339.424855,,77.087,69.839,112.623,130.604,1125.4696000000001,28.198150000000002,254.18731,113.10386,57.01
2007-10-01,3245.7906070000004,3084.2,2857.1751564941405,1071.054,45.293,284.6998,122.091,343.452202,,77.33,70.56039999999999,141.96,132.467,1189.8082,30.537599999999998,280.05119,127.90705,64.682
2007-11-01,2971.308625900002,3001.7,2808.0333010253908,1030.168,58.6905,320.43629999999996,127.846,379.46469999999994,,74.01,69.9555,114.655,124.06,1201.2844,29.8979,278.142,120.0542,50.966
2007-12-01,3225.2723260000025,3045.8,2847.043800048828,1105.8802999999998,65.75689999999999,337.4809,119.398,383.8172,,75.17,71.3276,126.584,135.168,1164.08709,32.7929,308.2384,127.14280000000001,48.682
2008-01-01,3190.1314299999967,3097.3,2907.4255772457122,1094.3615,67.194,357.6005,133.832,380.216,,73.743,75.989,157.025,136.808,1101.51783,33.74239,322.83358000000004,133.64445,44.491
2008-02-01,3029.6898130000013,2806.9,2633.299716705322,966.15138,56.117,287.26090000000005,117.801,389.602898,,69.425,67.565,114.242,115.438,1057.6238,29.068060000000003,292.8969,119.90985,51.747
2008-03-01,3258.935642299999,2901.5,2762.8752386074066,1064.078,42.238800000000005,350.83070000000004,120.457,551.0531729999999,,72.9662,73.477,142.587,122.679,1116.22271,30.66473,309.16328000000004,130.03814,47.379
2008-04-01,3149.777678000002,2918.3673436369895,2785.515765625,1042.33493,34.0658,334.1941,131.638,376.806332,,68.79336,73.60442,120.433,118.954,1195.57727,29.199939999999998,290.51051,115.98358,66.972
2008-05-01,2647.5776049999977,3129.2825574760436,2952.9747614746093,1078.14205,69.783,344.5872,127.682,438.273636,,70.477,77.60074,133.931,131.575,1201.82085,29.91983,298.29874,115.52917,63.569
2008-06-01,2952.160533000001,2851.403810127258,2697.958156135559,994.0772000000001,55.3595,288.1998,118.136,405.255993,,68.36117,66.03556999999999,96.883,109.727,1021.2352,30.564310000000003,279.35296,106.78367999999999,38.149
2008-07-01,3235.077018000002,2835.5233886756896,2681.9831066589354,977.78431,31.969,311.3578,106.207,477.73109000000005,,72.11041,63.64351,104.469,121.608,1182.1717800000001,33.10696,319.16769,112.21775,37.2
2008-08-01,3282.7932740000015,3066.950790130615,2931.8891110839845,1080.2866299999998,31.838,314.3983,102.182,484.97675599999997,,76.90205999999999,74.13105999999999,124.375,124.76,1166.4402,33.18065,326.12184,96.53014,35.511
2008-09-01,3182.277113000002,3016.880050590515,2836.1274025878906,1084.9216099999999,41.55442,343.31206,79.87092,394.03834600000005,,68.4375,79.92336999999999,119.55596,130.79755,1127.09789,33.52479,329.82274,89.23675,49.724410000000006
2008-10-01,3286.1571820000013,3003.5615225524903,2823.579131591797,1055.63529,28.699080000000002,370.20855,80.47636,374.75829,,79.36823,81.89779,119.23378,119.34557000000001,1164.55259,35.460989999999995,348.00291,89.58115,55.8901
2008-11-01,3192.2998699999985,2647.3578957309724,2456.5570107421877,925.77157,38.184830000000005,333.63860999999997,72.97496,344.59104699999995,,60.856939999999994,49.86653,116.97801,109.80977,1094.41727,32.25546,331.44806,81.91467,20.88803
2008-12-01,3186.068874000003,2925.7279100055694,2751.49812109375,1108.45585,39.29521,395.2035,90.78556,337.485331,,68.49486,41.8775,137.38678,132.59158000000002,1133.3316200000002,38.701809999999995,389.59803999999997,100.14183,41.22173
2009-01-01,3035.662573,2787.505969810486,2638.8204888000487,1064.99155,25.46997,418.32140000000004,93.49553,283.99005800000003,,66.81002000000001,49.10511,137.81576,124.60214,1021.75004,36.96167,384.12892,93.64736,55.0695
2009-02-01,2801.2338462,2506.1563409576415,2338.7937309646604,905.5336799999999,23.73041,370.59327,69.12079000000001,276.676358,,57.29843999999999,56.83466,107.28895,107.97404,936.35717,31.186130000000002,339.67475,79.18646000000001,63.22482
2009-03-01,3079.2151319,2943.3101162338257,2667.1217465820314,1020.98226,34.2475,384.73827,87.05119,333.130209,,69.11124,71.15822,140.37639000000001,127.89133,1066.29607,34.515980000000006,359.582028,82.05039,54.669
2009-04-01,2966.4115778,2887.576656150818,2618.3154470214845,1024.0593900000001,32.21222,378.62242,93.71418,322.262124,,79.90142999999999,70.75905999999999,120.48870000000001,123.8703,1083.0696699999999,33.04704,349.59183,83.84766,62.07113
2009-05-01,3042.7119729000005,2940.719649365425,2652.250911949158,1047.133708,35.32937,399.20973,77.07911,294.408885,,68.20195999999999,59.89994,108.83295000000001,124.51284,1033.25323,32.01019,341.54834999999997,79.38042999999999,49.188
2009-06-01,2871.1138522,2858.343025407791,2623.46611730957,1012.315682,35.50104,367.46979000000005,88.1331,292.246723,,69.11169,65.11498,116.93572,120.14769,1027.0371189999998,33.37744,348.852969,78.98830000000001,51.612
2009-07-01,2968.9405461000006,2791.231297674179,2469.879810985565,958.251981,35.37893,401.16763000000003,85.96429,294.435473,,76.28616000000001,76.51825,135.32825,118.79245999999999,1023.9321,32.866080000000004,347.480557,79.94384,42.231
2009-08-01,2609.6036669999994,2806.279542770386,2575.5646087036134,969.7591,32.21262,368.4284,84.21978,275.738225,,67.90145000000001,63.93967000000001,141.37789999999998,124.38027000000001,1038.211609,31.888830000000002,358.07135999999997,86.77765,64.18697
2009-09-01,2880.9595790999997,2595.174126551628,2372.615260546684,930.30402,30.58934,359.92392,84.01407,228.741987,,64.23449,59.789770000000004,130.30773,111.59774,1023.0678159999999,32.312580000000004,355.95579,86.19319,51.892410000000005
2009-10-01,3025.1914448999996,2586.8487916297913,2307.172345458984,926.4974299999999,22.67748,339.28366000000005,93.6257,174.960092,,71.62191,48.32977,125.72242999999999,108.97285000000001,1078.06024,31.818450000000002,374.31104,100.26783,51.894040000000004
2009-11-01,2829.2117841000004,2909.0919413986207,2620.8888310546877,1065.9758100000001,27.22866,386.41165,95.17936,303.175544,,80.9676,70.17019,142.60734,121.04781,1040.60148,28.31032,353.18448,94.21438,46.583
2009-12-01,2921.779057699999,2959.51875094271,2653.557306854248,1052.0205600000002,46.38379,406.52681,105.92713,286.56847700000003,,77.27485,72.45267999999999,150.82018,124.55029,1111.303798,30.28987,404.06604,109.74999000000001,48.79766
2010-01-01,2967.7490396,3116.424280331,2664.425616,1022.4796640000001,32.789828,384.79332300000004,115.37922,249.763741,44.860188,78.805036,77.87338199999999,135.109725,129.14301999999998,1055.5088478,28.807058999999995,405.83469299999985,115.13161300000003,45.425959999999996
2010-02-01,2678.0201022,2896.9724378069996,2488.935364,967.6552469999999,23.206348,368.365229,96.214007,218.698975,39.412223999999995,75.76284799999999,71.07450800000001,136.187135,115.88489100000001,995.455453,24.587163999999994,359.39680800000014,91.32565099999997,43.51915
2010-03-01,2973.3633662000007,3192.7767752300006,2749.2611730000003,1079.137921,28.458741000000003,400.50142800000003,101.13286,256.643234,86.95393800000001,78.29118400000002,80.14945700000001,149.82957000000002,133.020635,1212.2286859999997,28.974998999999993,396.52866000000006,102.86403899999999,49.99706
2010-04-01,2873.7964875,2946.075031763,2560.6758970000005,1062.034754,26.544327,387.48387199999996,100.03672200000001,165.5909602,81.256519,67.173669,64.815293,130.65213,126.16982,1202.3931270000003,26.875946999999996,374.647068,98.928614,53.290440000000004
2010-05-01,2958.5305892999995,3059.0481760999996,2594.42692,1028.395523,27.382153,364.61401,101.114204,216.10460270000002,91.913001,73.236638,61.591082,142.12156,135.130258,1175.3427130000002,24.40991200000001,373.7323000000001,99.261426,46.333769999999994
2010-06-01,2877.5862511,2941.059673,2505.057297,986.003529,27.747777999999997,374.62691500000005,94.41575,262.87884399999996,77.99485700000001,74.121319,63.82164,136.24364000000003,125.532983,1122.9687089999993,22.744714,366.4526990000003,92.74871399999998,43.06106
2010-07-01,2958.2827430999996,3031.3503659999997,2632.758119,1025.77642,19.162166,367.943582,91.499951,312.86863100000005,73.23107699999998,70.21176,58.034655,153.73746,108.104726,1161.6492717000006,22.27164899999999,385.5527310000001,111.70108599999998,39.789559999999994
2010-08-01,2962.5204856,3167.4136201,2753.8303769999998,1068.7395229999997,17.803839,387.971013,98.0384,309.260581,93.25744900000001,73.32871500000002,70.13802,151.65562,122.098887,1152.0654244000002,22.416343,397.0012910000003,101.92596999999999,45.7548
2010-09-01,2821.680333300001,3016.8452420999997,2547.9803490000004,1020.1133308000001,20.807527999999998,396.893271,109.612503,269.52656670000005,93.70132,75.47892399999999,73.49502199999999,140.573577,110.51212699999999,1122.8805009999996,21.429972000000003,377.995325,98.06999399999998,48.313449999999996
2010-10-01,2883.2986882,2926.0575356000004,2392.5520480000005,938.105982,23.000367999999998,388.65737900000005,111.68378,247.275958,76.332071,80.770737,79.5702992,132.71299,108.472,1154.1086329999998,19.522520999999998,406.58552600000013,105.88374800000003,46.562400000000004
2010-11-01,2792.7920756000003,3031.4010887000004,2541.281439,981.9935260000001,13.877542,421.214261,102.040107,243.45424700000004,77.700552,80.384132,74.0482649,113.884,106.271201,1182.398019,18.395037999999996,403.5492469999999,107.40206100000002,57.27177
2010-12-01,2451.617716900001,2881.1431658000006,2383.5134170000006,958.6973200000001,18.848744,399.365274,107.00339,168.84008499999996,51.52078900000001,81.718107,71.05818099999999,121.546,113.03596300000001,1238.4445029999997,18.225959000000003,448.88290000000006,136.29444999999996,51.77652
2011-01-01,2848.6368141999988,3100.880297000001,2579.1073980000006,1102.2613059999999,18.669349,435.96653100000003,128.37838399999998,135.606639,84.487591,83.32475099999999,77.179823,147.897,124.68291500000001,1134.9463469999998,18.399737,435.84381099999996,132.07393,51.806760000000004
2011-02-01,2588.4555442000005,2874.111417000001,2417.409983,947.6932829999998,13.676396,358.67391100000003,112.483677,189.80362799999997,98.21560400000001,59.864912000000004,64.253797,142.877,114.66119400000001,1034.4704740000004,16.279417,374.0997380000001,135.64129500000004,53.59215
2011-03-01,2848.2828179,3138.7225449,2629.1900650000002,1026.3633029999999,16.221579,427.04806099999996,124.81802499999999,213.77112400000001,100.766492,94.11171500000002,75.97844,146.164,120.53551399999999,1217.0197190000008,17.926706,426.7133299999999,151.31112800000002,61.084184
2011-04-01,2300.3141305999998,2893.4178581,2471.3312700000006,1015.912342,22.111925,387.934191,155.332266,185.60905200000002,101.75993300000002,75.200163,74.17601699999999,142.329,122.751214,1223.2788139999998,18.322554,405.9715950000001,138.132988,57.416588000000004
2011-05-01,2490.4274118000008,2856.2896054000003,2392.718983,940.564946,17.87029,435.886658,111.318008,174.97147900000002,71.858073,67.74905100000001,76.49769,140.239,110.93020600000001,1185.2067263000004,19.772854,393.3041066000001,133.57357389999999,49.12517
2011-06-01,2445.8577625999997,2960.4090349999997,2514.160276,1024.806681,17.360328000000003,415.191133,150.99726199999998,162.13982800000005,100.74270999999999,72.09517000000001,83.457963,108.502,122.09118600000001,1157.3398953000005,16.779868,384.1201364,130.6495574,43.83344
2011-07-01,2657.4520523000006,3095.4822463999994,2633.9354200000002,1050.2186550000001,25.201884,445.80917200000005,111.66812,239.39689500000003,104.230843,74.441015,75.88427300000001,107.81,120.254541,1195.9577121000007,20.468206999999996,419.3098147,148.07058619999998,44.57865
2011-08-01,2806.7455849000003,2909.2528089999996,2333.059713,913.59775,11.559927,391.902582,147.798973,239.02889100000004,135.196201,55.435561,61.996758,102.998,94.145247,1214.7218513,17.375129000000005,421.1359815,143.1878123,49.84888
2011-09-01,2735.8452226999993,3196.1781554000004,2622.664915,1042.325684,14.508,408.859686,142.806634,247.305102,134.43942299999998,70.827519,77.39748300000001,139.714,128.97227,1208.3517382,16.056794,413.6682537,143.4126679,53.95213
2011-10-01,2846.7992796,2996.1136525999996,2388.994355,1009.8878860000001,21.722,421.442978,166.896412,114.64117399999998,125.29125000000002,70.934702,81.96472800000001,137.033,127.174554,1186.8552284,15.542980000000002,424.507017,152.88837510000002,43.40714
2011-11-01,2744.6585178000005,2870.577079000001,2316.096007,928.804311,9.929,406.977987,130.88332,180.245282,113.69076799999998,65.119591,68.12152400000001,125.495,117.222164,1206.5376936000002,14.64306,425.76989440000017,153.17942439999996,46.9409
2011-12-01,2802.401708799999,3195.909551999999,2605.0371959999993,1089.4084559999997,16.693,458.632623,170.412882,159.83015199999997,128.6953881,79.41923799999998,88.12667900000001,152.855,131.99589699999999,1245.9875439000007,13.915949999999997,503.4102291999999,170.69260099999994,46.44016
2012-01-01,2741.1402130000006,3072.0633826,2494.099255,969.7621875,16.771,457.745115,160.82993299999998,150.34990139999996,122.3658305,75.508267,78.425748,163.637,128.891365,1115.8575569000009,13.766020000000001,472.2697823,163.54675859999998,46.81374
2012-02-01,2563.2223031000003,2831.8965659999985,2312.3209150000002,879.5159110000001,7.672,416.54741099999995,136.79447,114.85950600000001,141.992686,60.754278,64.315842,134.319,112.38420500000001,990.5899356999998,12.23215,435.5993289999999,151.89313119999997,43.901471
2012-03-01,2752.3682296,3120.3638060000003,2541.022199,1001.641389,13.466,431.620281,138.971272,181.86115,130.571295,68.202026,75.42958999999999,159.421,136.21087599999998,1181.4000926,12.16573,472.4566992000001,160.22193030000005,57.55495
2012-04-01,2633.961637,2984.2402002000003,2426.193706,986.113897,14.319,430.573778,148.077211,159.41348799999997,139.63535099999999,65.732223,74.92904300000001,129.378,119.658818,1139.4809100000002,10.451649999999999,426.75713110000004,144.61429440000003,40.97824
2012-05-01,2744.9952881999993,3119.4160388999994,2522.7229861,1044.89433,9.301,434.8229,136.94839000000002,268.622321,133.75118700000002,69.928353,87.16196400000001,109.39,118.436475,1146.6837560999995,10.97525,431.7330635,142.2125051,38.75722
2012-06-01,2534.8019758000005,3048.720075100001,2517.2533999999996,958.849112,7.864,447.247676,160.522438,284.90444599999995,113.84376999999999,66.33382,81.064174,124.886,113.6155,1103.0750692000006,11.0127,432.5313685,148.95763820000002,34.2195
2012-07-01,2643.4278867000007,3225.415668,2696.6567509999995,1014.9596899999999,12.23,480.132799,153.560951,262.58689799999996,160.06025800000003,70.446792,76.546609,138.321,120.45333000000001,1165.8754573999993,11.75909,465.42681840000006,154.17097750000002,34.18326
2012-08-01,2749.8225607999993,3281.4871210999995,2696.62601,1019.4063300000001,11.77,460.005044,152.175136,256.081661,133.04248599999997,71.235518,84.09957,149.767,134.797211,1131.5976936000002,10.401980000000002,461.89229459999996,146.5517142,32.39346
2012-09-01,2660.2453382999997,3272.998135,2714.5016199999995,1016.33803,23.754,452.47328100000004,144.823245,291.447782,112.20432000000001,75.360684,88.68834400000001,140.004,125.449432,1063.6252268999997,8.78492,457.6293774999999,138.8665062,34.883641
2012-10-01,2720.7697849999995,3284.5288849999997,2719.4357449999998,1045.012012,8.483,465.963389,130.827147,204.487473,153.80501700000002,84.42250600000001,85.980041,146.293,139.792843,1110.9889585999997,9.11807,474.836139,150.4182897,42.738283
2012-11-01,2536.995458200001,3119.1123110000003,2488.217107,984.5892289999998,6.959,438.09752900000007,157.31330499999999,139.695394,143.80502600000003,83.719949,79.63964,133.639,125.584544,1178.706479,9.52901,479.7453731000001,150.80619159999998,51.05164
2012-12-01,2686.849844599999,3316.62,2683.3197959999998,1057.123043,9.146,475.211442,149.116875,203.67475100000001,168.200995,80.149009,80.009546,152.015,134.151971,1163.9461030999998,10.558399999999999,533.9938906,174.50888519999998,36.23886
2013-01-01,2630.3262383999995,3160.053629999999,2566.089164,1015.5461529999999,9.863,508.594689,122.80897999999999,93.160277,197.8474429,82.447573,74.663947,157.299,133.784529,1118.3565496,12.02458,530.2570751000001,170.47148110000012,41.52272
2013-02-01,2376.1670407,2875.562149,2327.2960980000003,867.1307360000001,13.4,462.519483,117.80659299999999,168.4170234,148.588918,75.393474,70.49668700000001,149.245,114.221342,991.2589918,11.33826,471.5725458999999,152.3762247,44.02012
2013-03-01,2640.3674769000004,3322.02901,2712.968664,1017.084345,11.694,497.37785199999996,117.893054,224.1111,152.626962,87.324793,88.503709,162.755,129.845044,1152.1766924,10.57801,504.93732480000006,160.84171440000003,47.21168
2013-04-01,2535.9998997999996,2841.2516040000005,2278.600125,920.058971,11.882,392.938904,145.69542199999998,147.02507699999998,193.98721600000002,56.311197,62.674082999999996,110.903,105.44397099999999,1198.4035732000004,12.000190000000002,466.76474359999975,151.26957480000007,44.62162
2013-05-01,2667.8862517000002,2960.1173789999993,2394.7859449999996,949.5777909999999,11.449860000000001,452.578538,117.160494,155.612618,152.66978600000002,75.469126,82.060703,104.34461,111.857814,1207.6927409000004,12.674889999999998,495.1874735000001,156.2691268,47.12407
2013-06-01,2570.8737613,3148.3906206,2511.8868279999997,964.6132099,11.065700000000001,483.23300200000006,147.24096799999998,206.107466,202.12101899999996,78.38944500000001,83.581556,128.11498999999998,101.36946400000001,1101.2498416000003,10.57519,474.8380773,149.8479695,42.57399
2013-07-01,2685.0078430000003,3180.0400219999997,2592.9573639999994,966.3429010000001,11.14207,495.46102499999995,162.14337400000002,269.32172,170.10771100000002,79.28929000000001,80.02669399999999,125.77947999999999,103.72930199999999,1175.4631148999995,12.4862,517.3699958999998,164.39370609999997,47.87826
2013-08-01,2673.0928329000003,3300.2763764000006,2666.6534280000005,1025.10645,12.23426,508.08789499999995,167.19484500000002,213.65273599999998,195.932317,75.81391599999999,78.99235499999999,153.57353,117.472918,1181.4370642999995,11.38852,514.2247993999999,159.67120240000003,53.21706
2013-09-01,2602.5157845999997,3284.6745654,2679.908538,990.8346260000002,9.64046,475.799147,168.134017,281.976967,173.087763,77.380322,74.622022,140.44517,110.668918,1099.8474928,9.94718,486.55208940000006,153.74963219999998,52.02307
2013-10-01,2695.1661273000004,3292.6901079000004,2634.4668030000003,979.9940263999999,8.943,485.365025,156.247828,227.64915,166.42189299999998,79.91532600000001,67.34581,135.744,117.96683900000001,1183.2431746999996,10.126209999999999,532.4442674999999,169.27765090000003,54.64167
2013-11-01,2591.3826737,3174.4168695999997,2557.0304589999996,963.7810339999999,5.012899999999999,488.172972,140.631168,223.37412199999994,153.30473800000004,86.628526,78.177856,142.9231,116.459573,1157.1838461,5.25134,519.2053142999999,166.8897332,48.87368
2013-12-01,2664.149882800001,3350.70223,2661.292887,1020.7725260000001,3.583,530.4902410000001,146.298076,256.188716,180.908963,86.452437,79.460012,158.53635,119.737216,1183.6011787,4.17732,576.5619015999999,198.7532565,39.74979
2014-01-01,2657.1749050000003,3305.6066723000004,2625.1241299999992,935.980794,2.801,534.915277,153.866564,274.593048,175.84868499999996,88.483385,70.063618,158.65107,114.641524,1109.8453143,2.2296300000000002,570.1002739999997,186.2981801,39.756907300000016
2014-02-01,2399.1214424000004,2949.791199099999,2400.7753549999998,797.013535,3.901,472.11169900000004,105.211587,233.59878899999998,171.02124300000003,78.32690299999999,66.30339500000001,136.256,101.378099,1013.9197978999993,2.8051,492.5594583000001,161.3209574,36.49464999999999
2014-03-01,2633.9607791,2928.9653808,2179.094977,811.9676049999999,1.955,472.9663,76.604291,230.501251,153.09455300000002,70.709182,68.647141,90.914,87.42972099999999,1106.5942596,2.562,521.8528779000001,161.11354880000002,49.918699999999994
2014-04-01,2454.7768206999995,3053.5746802000012,2431.0653349999993,884.855058,2.281,482.45860000000005,103.790991,206.61253399999998,192.026024,68.448476,68.818943,131.142,105.050462,1268.4099388,2.035237,504.86947740000005,149.79245539999994,46.85457099999999
2014-05-01,2604.425846999999,3383.451476,2726.6721669999997,1027.667267,1.435,490.98472100000004,112.27482699999999,282.909294,196.281384,85.71546799999999,79.996345,139.448,116.459458,1131.7699604999996,1.417929,496.98577809999995,140.23683799999998,44.83806
2014-06-01,2528.5408374,3224.9761679999997,2634.6779050000005,1048.0021359999998,2.493,455.808772,143.996257,257.015369,188.156727,78.701377,80.704021,124.942,116.745057,1163.0769986,1.64572,475.47250139999994,134.6841992,43.395100000000006
2014-07-01,2587.1837552000006,3302.462406,2663.6373760000006,1087.360383,0.0,461.75514000000004,129.369225,252.989074,150.49317,85.95790299999999,86.049492,133.573,116.91519199999999,1226.1911303,1.909,509.80726610000005,147.82978939999998,45.934670000000004
2014-08-01,2606.6021169,3197.507171699999,2573.698309,1016.8678209999999,4.49,447.048865,140.880236,215.15117500000002,133.15509300000002,86.702629,83.024546,142.647,111.210495,1063.3373935,2.27289,508.0400458,149.98512679999996,41.770709999999994
2014-09-01,2573.701108,3125.6019298999995,2545.158818,984.0065430000001,2.357,482.6782,126.19986600000001,243.40259,128.333719,84.835566,78.635502,127.816,118.5381,1141.5142414,2.569,507.23141849999996,145.7468102,48.448949999999996
2014-10-01,2654.697479300001,3288.722744199999,2685.995801,1006.4331229999999,4.53,493.67790799999995,126.332556,285.4220998,155.3978398,88.35083879999999,70.2355183,148.58981899999998,118.04949760000001,1176.5167580000002,2.701,535.4738084999999,156.55548510000003,55.543490000000006
2014-11-01,2545.307196500001,3061.518872000002,2423.781976,919.959419,0.265,458.370047,121.336356,280.710946,95.173499,92.648585,56.415661,120.837,110.951255,1143.2676188999997,2.329,493.15482470000006,159.8223364,45.186699999999995
2014-12-01,2634.1834443,3291.9788220000005,2666.806015,1001.4526760000001,2.558,530.591243,128.59510500000002,258.912225,108.41829700000001,89.686571,78.56922800000001,151.871,119.55091,1172.2385321000004,2.948,545.5938665000001,199.09223019999996,41.279679999999985
2015-01-01,2628.1779697,3398.124112999999,2665.10786,1035.855921,2.866,506.13649499999997,218.059019,299.761702,112.00602400000001,95.393143,76.543642,158.264,118.262295,1106.2078892000002,2.603,544.9659072999999,206.4189733,38.76452
2015-02-01,2354.0583763000004,3084.513331400001,2381.5434840000003,911.892755,2.837,462.72696199999996,184.149402,321.918846,89.69825400000002,84.62241100000001,71.59656799999999,129.593,111.35836,966.8862666000001,2.457,490.74936260000015,187.77430790000005,43.56634999999999
2015-03-01,2619.5067199000005,3401.4626300000004,2669.3041240000002,1007.6894229999999,3.883,510.441184,185.998766,315.79944200000006,116.624915,93.781759,80.856508,136.482,119.850259,1091.3837228999998,2.466,507.5684177000001,187.2645142,45.96370999999999
2015-04-01,2543.5716053000006,3292.904655000001,2614.206775,1069.661684,2.623,496.46067600000003,187.952239,341.16596100000004,63.058352,89.15358499999999,80.9469,133.622,120.87830100000001,1129.1746349000002,2.12,512.2515978,187.2430463,48.651810000000005
2015-05-01,2643.5290139000003,3198.1194932000003,2633.644771999999,1071.786558,1.899,487.96758500000004,207.468913,292.98006300000003,111.703189,90.472451,90.353306,123.557,123.637636,1102.9544573000003,2.03899,486.2461640000002,180.23573220000003,45.19657
2015-06-01,2545.3186253000003,3228.83278133,2512.56057568,977.8785598000001,1.93,477.08474899999993,168.468382,375.584109,73.483845,78.20836499999999,72.172465,113.369,105.941683,1129.0097876999996,1.94797,488.88194059999995,181.1656118,44.945550000000004
2015-07-01,2622.9108296,3508.6255507,2775.8957859999996,1082.7349950999999,2.371,505.5987491,206.90003,396.026969,55.58207200000001,87.243588,81.37658,134.115,112.646915,1221.6158986,2.03198,520.1715799000001,202.34663000000006,44.411539999999995
2015-08-01,2608.3373838999996,3340.5379677999995,2627.062497,1026.8412119,0.8877809999999999,486.51581400000003,213.849087,306.923029,90.962872,96.03098,83.77026899999998,150.685,114.39612600000001,1160.4864326999998,1.92998,499.40724200000005,188.96846669999996,36.91437000000001
2015-09-01,2532.1953022000007,3183.905098,2449.0878139999995,988.5557119999999,2.22062,504.9947907,176.732253,294.63024399999995,82.684411,74.123505,74.37707699999999,119.2,101.716285,1113.8662109000002,2.5999899999999996,504.89056830000004,192.75471660000002,47.60454000000001
2015-10-01,2638.8019894000004,3364.374498,2625.692035,1062.220153,3.846,497.694871,205.483669,300.108739,88.82592499999998,79.95457300000001,75.65424,146.605,115.136095,1159.9130768999999,3.3199899999999998,528.4697883000001,209.01593579999997,42.559599999999996
2015-11-01,2538.2182881999997,3180.3139914000003,2491.408012000001,968.031559,2.5413330000000003,499.219759,150.786158,279.68473399999993,84.582573,87.201877,75.541385,134.357,113.53526699999999,1112.9624144000002,3.0069899999999996,505.20745880000004,196.30604039999992,36.282259999999994
2015-12-01,2622.9915321999997,3308.0586706999998,2643.7189869999997,977.9722019999999,0.0,545.583846,205.895278,282.44211600000006,87.11231499999998,97.484409,84.05961900000001,146.13,124.612266,1120.5625401,2.166,570.3685223999998,236.17800869999996,26.08444
2016-01-01,2587.1644957999997,3243.058128799999,2567.341985,935.60291,2.232874,531.6829305,206.392618,290.956018,101.486911,91.29490399999999,81.76550999999999,155.562,121.995401,1068.6055066,1.978,536.4337736999998,223.36842850000008,21.48074
2016-02-01,2389.568229,3130.0195300000005,2447.434011,933.0461059999999,1.747,491.954643,195.84874800000003,299.778618,76.918821,85.161947,73.08282000000001,149.514,113.883843,1017.5113163000001,2.565,517.6276028,211.2022548,22.777919999999998
2016-03-01,2570.9856048,3245.7882610000024,2515.5798480000003,1018.5446790000001,2.399,527.1521429999999,181.43979600000003,304.599576,87.649834,91.901988,81.12422000000001,125.447,117.798109,1145.7581407999999,2.464,532.7300496,205.19973889999997,32.75354
2016-04-01,2484.7690983,3118.405668,2389.942287,954.6643859999999,1.475,484.978138,187.237316,284.573582,66.223991,87.40502000000001,82.048063,121.191,112.37987799999999,1121.5623632,2.224,487.31670370000006,176.8388034,26.108919999999998
2016-05-01,2460.0381105999995,3153.815241999999,2435.41512,987.411871,3.099,486.840726,189.172714,292.93946800000003,72.791294,87.819409,84.32618400000001,112.085,123.188765,1263.0509846999998,1.889,497.90811979999995,170.6736903,35.67248
2016-06-01,2387.4250401,3201.5889120000006,2507.1840680000005,1060.2393760000002,0.0,506.19951399999997,171.891521,374.42947100000004,65.009395,82.664863,63.737051,98.276,105.95574400000001,1261.2648001999999,2.734,489.46945460000006,180.2512413,33.583239999999996
2016-07-01,2521.6664319000006,3285.4198530999993,2550.7054,1014.6637935,0.876,496.21306899999996,200.136395,384.42151699999994,66.22610399999999,91.238067,71.360389,100.092,112.96217,1142.5661084999997,2.749,506.2870136000001,200.28799060000006,33.25187
2016-08-01,2511.1377265000006,3182.5760549999995,2415.948933,954.6469339999999,2.263,486.82752200000004,165.29498,330.4250879999999,59.949252,86.48858600000001,72.270469,132.442,111.40536999999999,1182.3124678999998,3.098,528.026801,197.4874042,45.980521
2016-09-01,2446.1676465999994,3182.4871639999997,2458.6658629999997,970.240184,0.964,503.233535,194.310326,231.656104,48.807202999999994,108.74844,85.01422600000001,160.646,122.63733,1078.574574,3.117,494.9239141999998,195.33893909999992,45.365970000000004
2016-10-01,2516.6155233999993,3246.980739700001,2483.4812179999994,1034.2765659999998,3.018,515.0175399999999,216.998348,196.08270100000004,39.379771,109.713759,82.841105,153.323,139.18041699999998,1085.3323425,3.353,522.124738,209.5077194,41.51222
2016-11-01,2394.484951,3121.074935999998,2402.494573,1007.544392,1.92,480.87367500000005,182.33595499999998,156.345041,48.285243,88.55605499999999,77.857114,156.082,129.521202,1133.6891975999997,3.377,514.1067026,212.1362784,55.823389999999996
2016-12-01,2438.1987791999995,3334.1612409999993,2534.205348,1074.974092,2.317,559.636772,247.567937,225.07698200000004,49.94778900000001,94.604643,82.787755,157.727,137.343032,1174.6992657999997,4.108,571.1839422,250.1310908,42.58257
2017-01-01,2451.0719885,3319.3650689999995,2551.463604,1022.0575060000001,4.28273,517.1296709000001,246.94387,245.40348200000003,63.633304,83.894775,76.58242899999999,157.956,137.823678,1055.3190360999997,3.982,553.8107446000001,246.10371409999996,46.923390999999995
2017-02-01,2162.176775800001,2913.991783,2225.05362,865.3875350000002,2.594,407.41901399999995,209.567441,228.93134400000002,37.174659,76.00229399999999,59.898564,144.082,113.12387799999999,952.1887923000003,2.376,497.85664590000005,218.09304669999995,46.4418
2017-03-01,2392.2444131000007,3253.187309499999,2405.7508775,942.866823,0.0,483.772896,211.811609,248.93200900000002,60.806974999999994,74.915706,71.396437,163.028,113.357848,1152.3410751000001,1.354,541.400251,233.62620500000006,60.32854
2017-04-01,2164.7064332000004,3160.2991369999995,2401.6570690000003,930.260812,0.011,519.7469544,219.835375,267.41075900000004,77.178415,77.181759,80.60094000000001,143.823,106.767171,1060.9292794999994,0.0,502.3516784000001,220.73352630000005,47.44820000000001
2017-05-01,2315.3531314999996,3007.8451320000004,2417.835803,1009.9952909999998,0.032,525.842251,223.593451,154.53478,68.568779,85.21639900000001,83.71757699999999,124.848,130.174,1192.1565673,0.511,514.3616597999999,225.38456689999998,60.560179999999995
2017-06-01,2201.2807379,3220.974,2471.158609,983.7500789999999,0.0,508.49567,243.547773,276.06582700000007,44.84706,85.241736,80.41347300000001,144.705,129.265267,1172.5814598999998,0.733,504.5015552,223.53336290000001,58.287969999999994
2017-07-01,2333.1073244,3030.9389140000003,2460.2650249999997,957.258872,0.022,511.608527,210.14488699999998,247.46875599999998,63.99153799999999,85.645549,74.225087,138.876,123.32617900000001,1153.5935685,0.866,527.2274050999998,245.80072420000002,56.42395000000001
2017-08-01,2360.6288312999995,3076.1459990000003,2510.6158410000003,1030.071851,0.0,520.2605189999999,247.857166,184.38347,93.58567099999999,83.40487700000001,78.942566,161.412,131.108124,1190.1796003,1.176,537.3482034,245.9837145,65.58089
2017-09-01,2310.9110944999998,3225.8474840000003,2438.718601,1075.424214,0.0,518.404307,258.614049,132.282896,71.559105,84.653576,80.87089099999999,160.341,140.376328,1166.4276102000001,1.301,523.7908636000001,245.37088319999998,64.757181
2017-10-01,2412.0284894,2903.0764750000003,2212.468805,1007.640316,0.004,481.231676,234.189718,140.88189,77.743369,69.05363500000001,69.979535,130.232,117.43771100000001,1186.2856475,1.086,546.1550518,260.59263369999996,68.03704
2017-11-01,2331.6156024999996,3078.9255569999996,2299.7482659999996,1062.033687,0.0,538.4980800000001,226.191236,132.354603,57.216500999999994,83.174047,76.72059,141.662,127.02720300000001,1229.4799672,1.687,547.9862430000001,250.97391199999998,72.81078099999999
2017-12-01,2398.153587199999,3343.3845080000006,2595.091103999999,1116.435694,0.0,598.5565670000001,215.705469,113.625847,86.32971900000001,93.55487299999999,85.528846,180.768,144.962953,1206.0704672999998,1.463,590.9710717999999,278.00909499999983,52.04103
2018-01-01,2369.9160945,3249.5394379999993,2435.437239,1033.811359,0.0,576.9706140000001,215.77096,121.955501,91.521019,95.023923,81.771545,163.233,136.39389000000003,1110.4679339000006,1.058,572.7828429999998,274.75339280000003,55.88024
2018-02-01,2149.2932380999996,2947.4480080000003,2241.9607750000005,935.803893,0.0,517.181266,206.647062,109.88758999999999,44.592791,92.333226,79.120269,155.335,127.910267,988.1459364,1.314,525.7263138,244.62203069999998,59.08381
2018-03-01,2401.8296669000006,3225.6304180000006,2379.996739,1105.15202,2.675,518.879875,240.97682900000004,93.57301499999998,67.62953599999999,88.487203,83.90794700000001,164.739,136.440295,1218.1884632000003,1.311,569.4799195,256.69105419999994,67.08782
2018-04-01,2320.8405919000006,2963.6260280000015,2295.259199,994.54916,0.0,525.7669490000001,223.031506,120.60500700000001,32.37432,80.84895300000001,81.568197,158.003,129.47294,1157.231525,1.067,532.1431220000001,236.42374000000004,63.742571
2018-05-01,2391.1425309,3024.6855530000003,2342.445709,970.854034,2.378,529.3062709999999,220.757552,141.53921400000002,52.51384600000001,82.758459,77.944992,138.95,130.153326,1146.1327290000004,1.052,537.1739010000003,236.35353199999994,52.98442
2018-06-01,2312.1422246,2712.957149,2027.618901,845.972865,0.008,514.867428,197.688748,129.797976,31.888391,73.10078299999999,78.15010000000001,128.509,129.6,1129.722712,1.012,523.779498,225.614078,53.891760000000005
2018-07-01,2382.9252396000006,2715.2879820000007,2021.603721,900.813751,10.718,557.758721,230.217603,106.20516599999999,24.740316,74.68114,79.44427999999999,152.202,136.503,1141.9807169999997,0.815,550.6141170000001,229.51822299999995,34.376259999999995
2018-08-01,2420.3216596999987,3032.925877,2380.9585599999996,981.818584,0.033,555.861654,217.58873699999998,100.775915,47.535548000000006,86.82830499999999,84.594651,171.256,140.464218,1197.860191,0.809,574.398164,215.36829699999998,41.430460000000004
2018-09-01,2377.838548999999,2950.1401229999997,2232.4526260000002,920.844509,0.0,519.494002,151.620329,120.489577,56.851013,66.13332700000001,83.65029299999999,130.152,121.565726,1050.3615839999998,0.526,531.0327520000001,177.72440899999998,37.354800000000004
2018-10-01,2455.3274434000004,3108.903653999999,2404.00528,967.254004,0.0,547.198531,158.747871,131.910211,56.296712,86.163168,76.25424000000001,147.631,122.053,1124.9747079999997,0.118,580.32067,185.670631,40.595499999999994
2018-11-01,2365.7264316999976,2884.5583138,2158.3817740000004,898.340982,0.0,530.6189,157.08166500000002,118.517328,54.512142,86.65716400000001,67.64597900000001,157.506,110.671,1106.0834430000002,0.0,556.75837,175.69741499999998,42.4429
2018-12-01,2457.9106481,3137.0103686999996,2365.6802322,983.6430759999998,0.209,563.197527,192.216898,149.12301000000002,64.463715,98.749636,84.317508,159.266,116.7,1119.8059959999998,0.0,614.056767,210.68267799999998,31.30372
2019-01-01,2468.5208860999996,3070.6549722999994,2350.5824183,937.0910970000001,0.0,578.520813,175.524285,176.54171000000002,63.335103000000004,91.201789,79.972735,163.321,133.77,1039.2140379999998,0.0,588.1321829999999,202.957526,38.726020000000005
2019-02-01,2233.1563419,2691.3804941999997,2016.6510629999998,849.8542140000001,0.0,514.6690080000001,182.45485,128.651931,53.632212,76.58169000000001,69.672852,149.672,118.339,1014.941329,0.0,549.4992479999999,190.10948000000002,42.25642
2019-03-01,2476.775734800001,3095.210038200001,2362.146726,962.53819,0.0,567.5177630000001,190.938616,173.37524000000002,62.894474,92.01466500000001,80.893883,147.781,116.337,1131.907616,0.0,588.695963,194.849956,52.89789
2019-04-01,2421.5493322000007,2767.9044809999996,2119.944261,882.470784,0.0,570.4536870000001,145.105983,189.949574,46.561,62.324798,68.402446,138.163,107.791,1138.828548,0.0,551.9500370000001,176.05146299999998,48.988910000000004
2019-05-01,2494.3495879000006,3110.51604,2385.4479300000003,1006.73805,0.0,562.9766999999999,156.28485999999998,138.996473,96.77786,72.384305,65.00280000000001,143.274,126.342,1145.368777,0.0,570.434086,177.79871400000002,42.22119
2019-06-01,2375.7811192999966,2829.9309489999996,2180.3149930000004,944.80746,0.0,514.3757,134.15389000000002,145.48897000000002,56.89869,72.776824,62.69059,136.582,118.694,1066.5573089999996,0.0,535.472969,169.731058,39.185300000000005
2019-07-01,2489.8856568999986,2914.595296,2293.5545079999997,965.52853,0.0,587.27151,186.27107,138.70591000000002,59.625080000000004,88.038791,78.6627,152.254,127.296,1189.152423,0.0,582.4082,197.04898999999997,45.01925
2019-08-01,2559.864709599998,3042.7882010000003,2436.2715200000007,994.90786,0.0,552.04059,204.16789,197.523717,77.74781,80.654645,81.03088000000001,169.405,128.044,1175.1799879999999,0.0,578.8764399999999,193.55559000000002,41.9775
2019-09-01,2466.5782623999985,2798.828684,2280.54901,911.9466580000001,0.0,500.87752,178.87914,171.604933,60.507,88.516245,71.73418,138.92597,117.0,1083.6716920000003,0.0,550.55687,184.6495,35.70944
2019-10-01,2534.4528467999976,3157.2524049999997,2471.3289799999993,1060.80111,0.0,593.44048,174.43957,132.72673,77.72558000000001,100.567996,89.89305999999999,174.37,128.145,1133.312879,0.0,590.807139,202.40049900000005,28.807940000000002
2019-11-01,2452.1855844000006,3038.6486019999998,2330.08157,1023.46262,0.0,529.26298,172.62721,110.72431,92.14616000000001,96.705404,62.80184,147.75848,136.025,1142.6492220000005,0.0,576.54649,193.52149000000003,23.75524
2019-12-01,2548.5273998000025,3152.4945139999995,2399.5262100000004,1059.1497,0.0,600.09831,185.18937,108.16657000000001,118.4069,102.915486,80.30830999999999,171.30698,129.631,1135.428793,0.0,614.4277799999996,210.92590000000004,16.59577
2020-01-01,2529.7780900000016,3143.439286,2464.3379699999996,968.918633,0.0,593.95546,199.59299,143.64659,115.73469,93.35455400000001,80.97742,176.19382000000002,135.38,1053.4729690000001,0.0,599.241615,209.39781800000003,18.523915000000002
2020-02-01,2380.305841600001,2951.9528920000002,2292.1620999999996,883.446003,0.0,537.7717400000001,162.46436000000003,145.82128000000003,86.40576000000001,88.268265,76.42142,154.15402,127.19,1000.6535669999997,0.0,566.8122,205.40225999999998,18.07574
2020-03-01,2555.3817194999997,2796.8251249999994,2169.2354100000002,922.71575,0.0,489.73104,155.13996,122.96435,102.21711,88.633908,62.13946000000001,118.121,122.126,922.0788709999998,0.0,417.064035,141.57214,13.874299999999998
2020-04-01,2197.5589275,1881.138468,1375.02044,628.3117,0.0,194.19969,46.921279999999996,135.21490000000003,76.42556,57.989732,33.49521,28.941,68.81,805.5837750000001,0.0,196.34337000000002,44.631119,7.46934
2020-05-01,2206.369090399996,2266.2721269999997,1753.8698399999998,859.30243,0.0,340.22275,67.67696,147.74621,78.89849000000001,67.033315,45.98535,18.566,89.661,999.8602579999998,0.0,297.18930199999994,80.56940599999999,13.429619999999998
2020-06-01,2252.390050999998,2525.604666,1989.0980760000004,961.1352390000001,0.0,361.06827000000004,109.91560000000001,156.6396,73.629832,70.27356,57.233689999999996,21.674,112.487,921.8851710000004,0.0,352.7625400000002,104.71404000000001,18.524759999999997
2020-07-01,2313.9485075000007,2748.962972,2086.27178,1043.768628,0.0,416.81696999999997,127.1524,223.94397,58.08195299999999,74.92201399999999,60.203480000000006,13.01825,100.562,1087.9742459999995,0.0,382.3206419999999,116.544651,21.797300000000003
2020-08-01,2330.075291799999,2674.0311050000005,2121.23026,1006.347122,0.0,394.93672999999995,145.71859,189.9701,64.990264,73.51251699999999,54.14917,5.706,123.372,1149.9449630000001,0.0,388.2306139999999,122.48192600000003,24.403406000000004
2020-09-01,2245.0073169999996,2299.0491349999998,1774.923344,766.8930670000001,0.0,374.69303,125.65912,163.65787,74.858459,41.376276999999995,35.08312,7.99005,99.925,957.0102099999997,0.0,392.7288770000001,123.35802499999998,27.577580000000005
2020-10-01,2338.2686894999974,2537.5370980000002,1972.395839,831.196665,0.0,433.10371999999995,105.84435,218.1082,50.547647,43.858789,36.845510000000004,23.819,88.639,965.9105339999999,0.0,431.37052100000005,139.289587,31.14802
2020-11-01,2260.7793194,2556.934743,2048.8145,865.7543790000001,0.0,441.95122,151.15586,179.13094999999998,36.444120000000005,65.073416,57.952619999999996,40.08,99.254,1006.0821820000001,0.0,458.54139899999996,156.164677,35.14656
2020-12-01,2364.6275436000005,2800.643525,2234.5117,924.3520599999999,0.0,497.08348,180.76435999999998,208.74597,41.02743,66.234648,54.79639,47.026,114.496,1057.199504,0.0,563.876702,209.486602,24.240239999999996
2021-01-01,2402.152104,2949.29245146,2378.44261,1024.90054,0.0,542.99801,182.92319,165.12389000000002,83.41072,84.65750100000001,66.87156,62.429,132.41647,973.0462670000001,0.0,533.3580180000001,199.056027,25.143649999999997
2021-02-01,2193.148731299998,2631.489403,2139.62831,895.6295,0.0,517.84879,172.31822,123.04073000000001,50.12173,81.353829,65.84482000000001,52.103,125.735,924.0629040000001,0.0,504.56263,184.77430999999996,30.200160000000007
2021-03-01,2451.5093443999976,2906.413966,2268.4023270000002,1020.1814430000001,0.0,557.5726999999999,183.20069,130.62439,47.904137999999996,88.66631299999999,74.57598999999999,53.886,126.062,1172.110989,0.0,554.9533,200.10523000000003,33.23368
2021-04-01,2399.271713599998,2746.1446629999996,2170.70109,948.11297,0.0,498.04328000000004,152.2235,90.67297000000002,65.75856,83.00773999999998,85.63095,47.983830000000005,110.215,1119.578692,0.0,480.72289,164.62160999999998,36.03529
2021-05-01,2486.0137004000007,2847.811215999999,2322.510926,1035.3201000000001,0.0,467.52879,162.27828,132.4595,82.782628,80.71316100000001,218.05929,41.068,108.378,1156.550507,0.0,426.84929999999997,138.38287,33.64727
2021-06-01,2397.2033422000013,2752.1582052000003,2195.272472,1000.767536,0.0,419.20337,140.94414,149.09499,89.311986,74.79923,69.51509,32.219,111.936,1128.273301,0.0,447.86736,146.01312,36.61862
2021-07-01,2523.065571100001,2861.9771410000003,2221.301903,1013.332551,0.0,490.34954999999997,176.4468,91.60708,90.711208,82.656507,73.94498999999999,43.582,122.641,1241.743442,0.0,536.53544,192.04038,36.69754000000001
2021-08-01,2507.464192700002,2952.3761279999994,2316.7189989999997,1041.466535,0.0,540.4184399999999,181.29663,85.043956,89.755772,83.832602,77.76503,65.743,144.758,1164.4349990000003,0.0,545.5961200000002,197.22914999999998,39.19352
2021-09-01,2496.652466199998,2868.1445719999997,2257.5403539999998,973.6049,0.0,519.99185,189.89193,120.13502,82.597151,79.248337,70.08395999999999,72.162,115.586,1159.4387000000002,0.0,547.8143400000001,201.48337999999998,37.719300000000004
2021-10-01,2627.140086000004,2976.002599,2378.8813499999997,1024.375586,0.0,597.3196999999999,190.65261999999998,87.78477000000001,89.914402,95.741651,83.73566000000001,87.673,131.53,1191.269,0.0,578.72824,228.47974,41.05618
2021-11-01,2610.6100521999983,2949.354251,2312.2473769999997,1010.541602,0.0,582.9312600000001,188.03988,115.95299,60.706229,97.30808,80.15535000000001,82.574,118.272,1222.61423,0.0,577.9453100000001,230.74078,40.18272
2021-12-01,2707.9579792000045,3135.248783,2437.9267999999997,1060.4724389999997,0.0,628.01221,204.44144,83.477,90.827303,94.83602400000001,83.39666,101.561,132.588,1262.32356,0.0,642.4005800000001,269.83383000000003,32.89214
2022-01-01,2759.513550799999,3042.1577660000003,2373.2311170000003,1041.92596,0.0,566.41741,156.60136,92.04314,86.045335,85.64947899999999,82.44679999999998,104.54,119.781,1126.3828500000002,0.0,565.81301,248.86323000000002,29.0455
2022-02-01,2490.7627998999974,2520.1474180000005,1925.9311469999998,814.333599,0.0,488.21053,172.25692999999998,63.51897,97.79545399999999,66.054195,63.32582,75.406,87.28,1128.4138270000005,0.0,552.9800600000001,241.82687000000004,37.35444000000001
2022-03-01,2773.542968499999,2864.6887750000005,2220.514152,943.137147,0.0,472.61199,177.02326000000002,110.482804,89.434826,73.996111,74.29947,121.24,101.131,1234.0268760000001,0.0,593.4518800000001,244.28560000000002,42.19522
2022-04-01,2714.9575395999987,3002.3140630000007,2426.325091,1019.1733519999999,0.0,503.21972,165.82731,110.242806,103.07664499999998,58.714397,90.83825,117.979,124.0,1304.6846890000002,0.0,576.28311,230.9745,41.195589999999996
2022-05-01,2841.4230921,3152.5964869999993,2501.090277,1112.7771979999998,0.0,555.01996,191.42496,99.12244,102.84685499999999,88.56041499999999,85.69361,111.998,134.328,1280.7776600000002,0.0,567.854352,217.749123,40.10558
2022-06-01,2736.8467696999987,3071.0359299999996,2419.978909,1104.8080720000003,0.0,558.06368,175.19655,133.8806,75.105936,85.173945,76.75613,102.792,118.533,1246.762089,0.0,575.15978,219.18909000000002,35.16014
2022-07-01,2857.460019999998,3095.376695000001,2413.684778,1079.31873,0.0,562.7921499999999,183.69910000000002,121.11621000000001,106.589871,96.069086,70.19485,124.022,112.597,1279.7285329999997,0.0,601.0624589999998,232.054122,31.643780000000003
2022-08-01,2878.759737700002,3148.955007,2492.3048870000002,1100.0432000000003,0.0,579.9138200000001,196.49412,111.17097,108.756552,94.99006700000001,81.17702,152.531,127.508,1267.353834,0.0,607.6804299999999,232.47336,36.358799999999995
2022-09-01,2836.202582300003,2972.6070343000006,2343.0355019999997,1046.3203,0.0,557.2570700000001,177.325,122.67137,64.351604,92.88598199999998,82.6332644,125.764,127.387,1220.7886010000002,0.0,597.31337,223.83912,35.16034
2022-10-01,3004.6598221000027,3057.1733389999995,2246.335182,1069.200608,0.0,570.43907,164.76235,109.48514999999999,85.004852,98.487883,81.6765252,127.206,136.55,1186.8918079999999,0.0,615.6108399999999,234.99420999999998,31.20637
2022-11-01,2904.4249937000022,3089.319236,2368.0667999999996,1065.7572679999998,0.0,564.75802,155.67238,121.03118,98.688253,89.86815999999999,77.25442,142.021,133.402,1237.393482,0.0,606.2388479999998,227.517606,36.90998
2022-12-01,3013.874743899999,3287.7356989,2631.401343,1115.8236510000002,0.0,615.3009599999999,167.42575,162.23734,56.668135,99.55951799999998,83.3833,153.089,151.976,1266.21548,0.0,658.0903300000001,248.53722000000005,26.793659999999996
2023-01-01,3035.914274999997,3274.0167490000003,2601.605832,1130.932517,0.0,611.0971,197.19877000000002,100.00369,86.055356,106.794632,86.43476,152.86732,146.017,1162.3730730000002,0.0,645.999981,253.154212,31.35024
2023-02-01,2792.256228600001,3027.084575,2406.5495599999995,1073.661968,0.0,569.3981600000001,156.88493,121.81714,66.37646299999999,91.63210900000001,72.29533,146.905,136.588,1057.448338,0.0,598.9001749999998,228.67595500000002,32.280643999999995
2023-03-01,3110.5711355000003,3281.452893,2632.4218659999997,1155.0419619999998,0.0,639.80234,178.14747,161.59994,60.543693,99.93073799999999,80.14897,170.83,138.307,1297.3132799999998,0.0,657.4296200000001,238.96974999999995,43.9908
2023-04-01,2994.5559236999993,3266.5837090000005,2601.315214,1164.386193,0.0,596.33531,171.56045,137.96901,57.420198,97.26320999999999,80.84731,160.76,147.279,1222.1134599999998,0.0,612.5244700000001,219.84049999999996,37.69504
2023-05-01,3095.1122680999974,3263.1773110000004,2571.637298,1144.128746,0.0,623.41746,189.87635999999998,102.44149,83.32764,101.10660500000002,87.80368000000001,145.27782000000002,142.227,1266.99033,0.0,616.22011,221.02304999999998,36.26038
2023-06-01,2958.4663564000007,3130.493138216,2473.5189990000003,1114.1715159999999,0.0,582.7130999999999,207.74688,116.06865,68.218694,87.691913,82.06151,134.905,134.273,1222.7560999999996,0.0,604.7813600000002,217.18417000000005,41.23313999999999
2023-07-01,3040.2859299999977,3240.4493620000003,2556.32734,1081.9081899999999,0.0,593.1868000000001,197.85133000000002,129.08243000000002,81.90251699999999,95.71960300000002,85.64441000000001,134.014,132.393,1218.0896599999999,0.0,630.6558600000002,236.39384,33.529160000000005
2023-08-01,3065.891364300001,2945.969505207,2254.720452,976.616623,0.0,572.0777800000001,170.20031,91.99247,79.114576,94.13403,80.21337,129.046,120.925,1250.46573,0.0,632.75499,230.72863000000007,29.55296
2023-09-01,3037.4877750999963,3112.6192422490008,2472.9443459999998,1118.502092,0.0,594.45653,180.02013,94.83961000000001,81.949391,86.445416,93.75242,147.10422,142.889,1206.7587,0.0,592.28194,228.19993999999997,35.73255
2023-10-01,3221.108558300003,2874.628955999999,2277.146816,960.5695520000002,0.0,553.55778,169.91524,132.56,72.169614,77.57189699999999,84.06970999999999,143.15668,134.963,1253.851746,0.0,632.8923470000001,261.249679,29.41902
2023-11-01,3178.924277000004,3120.5425640000003,2582.948966,1079.658663,0.0,580.24522,167.12154999999998,128.07327,84.011329,93.343918,92.98539,165.887,135.934,1316.1607300000003,0.0,644.944856,243.39562500000005,20.418
2023-12-01,3337.2365130000017,3230.0529159860002,2670.465631,1154.604862,0.0,636.4146900000001,174.12151,134.76507,84.356272,96.906798,92.50887999999999,182.795,142.064,1193.5778430000003,0.0,675.582125,230.88357200000002,13.14199
2024-01-01,3300.253681700001,3188.48696,2621.6129170000004,1144.140947,0.0,616.672902,158.785517,101.40296000000001,98.49435399999999,97.54433399999999,79.65666,175.47944,143.294,1125.507682,0.0,647.581461,196.47479800000002,11.93572
2024-02-01,3091.238578299998,2958.1613859999998,2332.370696,1021.182455,0.0,590.287579,165.67355300000003,97.97160000000001,79.507587,78.870721,89.05947,150.19284,114.119,1060.93252,0.0,609.530551,183.691997,11.342080000000001
2024-03-01,3340.1671653000008,3142.3133529999996,2513.93978,1093.9803,0.0,585.065591,157.879922,115.97212999999999,102.124151,77.784296,82.00473,152.888,132.683,1122.90278,0.0,626.4304599999999,183.56002000000004,13.55011
2024-04-01,3245.676872099999,3129.599226,2506.2664950000003,1114.1040289999999,0.0,583.092904,152.491679,116.91506000000001,86.936666,76.19545300000001,84.09428999999999,149.205,128.232,1146.0541259999998,0.0,576.3528799999999,167.67512,14.85618
2024-05-01,3368.701012900002,3316.01614,2644.425921,1161.542092,0.0,641.721795,194.019522,115.29906,87.005905,94.54774499999999,98.64541,139.597,147.721,1308.312742,0.0,608.3430139999997,175.95252499999998,18.933859999999996
2024-06-01,3152.458143399998,3153.6455369999994,2460.9501,1038.4737579999999,0.0,548.0733200000001,199.23683000000003,136.98313000000002,92.77902,87.25242000000001,90.33955,145.844,130.199,1118.40454,0.0,573.39584,173.18095000000002,18.680799999999998
2024-07-01,3332.7205413000006,3120.1100989399993,2392.9992310000002,1114.429201,0.0,590.8632849999999,192.875916,122.87803,86.189765,100.748882,276.8342,160.976,131.073,1226.0345899999998,0.0,625.8573700000001,197.79091999999994,22.99737
2024-08-01,3505.9443207000004,3345.826071,2570.3818899999997,1105.7684769999998,0.0,610.9019099999999,216.529135,94.58703,88.757628,102.157579,102.37689,161.012,137.994,1156.8476779999999,0.0,618.1693799999998,187.54308,20.36802
2024-09-01,3497.110364300003,3235.446078656,2469.847381,1051.829091,0.0,567.87017,224.74980000000002,101.4914,81.697514,91.413712,103.35788,160.608,132.455,1083.633562,0.0,581.65431,182.399979,25.88434
2024-10-01,3624.581020199994,3303.414465,2570.090715,1154.658152,0.0,585.2449799999999,196.255472,89.41256,94.320253,82.20871599999998,83.70501000000002,146.412,135.166,1189.2520249999998,0.0,646.0176689999998,209.396634,24.549029999999995
2024-11-01,3583.543357799997,3232.9616369999994,2579.4225829999996,1137.82831,0.0,556.1537830000001,201.20738999999998,127.83988000000001,52.263,89.069546,84.07438,159.43,131.081,1236.0687100000002,0.0,636.4000300000001,213.06346999999994,24.995739999999998
2024-12-01,3735.7468973000014,3495.0775369999997,2706.155666,1183.407572,0.0,662.5265310000001,231.587724,70.0012,79.038726,110.023631,96.16226,181.807,136.451,1218.2471910000004,0.0,666.451518,225.18985699999996,20.86572
2025-01-01,3684.6881448,3512.783223431,2746.5132080000003,1176.338228,0.0,604.597419,236.63894399999998,104.38453,87.315169,107.020842,95.46486,186.531,138.279,1136.2590430000002,0.0,639.2950939999998,224.039481,23.72652
2025-02-01,3316.2888178,2819.4498579999995,2164.982258,926.203929,0.0,521.8381320000001,201.4212,68.51931,89.253887,72.95590200000001,86.08138000000001,126.535,100.104,1056.309928,0.0,589.4480699999998,205.04136999999997,20.670340000000003
2025-03-01,3683.745220900001,3150.1810192560006,2464.272481,1014.0818690000001,0.0,585.249707,217.68801400000004,127.32346,96.14273,86.576695,93.75299000000001,161.516,103.333,1167.260454,0.0,632.958276,216.595171,22.560000000000002
2025-04-01,3539.0053510999965,3309.463720227001,2636.387994,1119.356628,0.0,600.151105,232.282973,117.28496,66.016593,91.909155,102.14940999999999,163.919,131.337,1217.5674339999998,0.0,599.1652990000001,202.08678900000004,25.984779999999997
2025-05-01,3680.7036062,2982.641358255,2346.116179,1041.791477,0.0,530.6199720000001,160.812245,133.24537,62.885379,69.616046,87.25034,108.167,112.823,1267.3773499999995,0.0,605.7940999999998,208.19769000000002,26.589840000000002
